Country,Year,log_Active Armed Forces per capita,Unemployment rate,Secondary education attainment rate,log_GDP per capita,log_Defence budget per capita,Defence budget % GDP,GDP per capita % change,Defence budget per capita % change,Defence budget % GDP % change,Education Interpolated
Albania,2015,-5.886348098885498,17.193,48.1863632202148,8.282180371611311,3.4387164364380722,0.89,2.516827054171711,-29.975066230325698,-14.423076923076927,False
Albania,2016,-5.88474929476422,15.418,46.9845199584961,8.316391376496313,3.587616904967637,0.99,3.4802932167141476,16.05574714686955,11.23595505617978,False
Albania,2017,-5.883829571826778,13.616,46.3533401489258,8.354631919704046,3.4955235169644956,0.86,3.898112267466991,-8.798002615622401,-13.131313131313128,False
Albania,2018,-5.88136225140396,12.304,49.8858070373535,8.396505951529043,3.627141435948993,0.88,4.276311551052192,14.067240672406722,2.3255813953488413,False
Albania,2019,-5.877102177733638,11.466,50.7128944396973,8.421181871693124,3.947795030796963,1.29,2.4982890405851776,37.80281421568239,46.59090909090911,False
Albania,2020,-5.8713601081411975,11.69,51.277702331543,8.393225305430168,4.0253985741595235,1.47,-2.7569397820911834,8.06941253692155,13.953488372093027,True
Albania,2021,-5.862090927524804,11.474,51.8425102233887,8.488392816587819,4.08907087840552,1.36,9.984307568301688,6.574310204370759,-7.482993197278908,False
Albania,2022,-5.84993302432355,10.137,53.2684860229492,8.547688932755715,4.225176845466995,1.51,6.108939995096163,14.580330457117952,11.029411764705866,False
Albania,2023,-5.838448847946422,10.108,53.2684860229492,8.597784264018433,4.544607616233356,1.74,5.137132015425383,37.63440860215055,15.231788079470189,True
Belgium,2015,-5.896284649139191,8.482,66.2099990844727,10.618733852262814,5.811505788105366,0.88,0.8878764063265931,-21.823253701811574,-5.376344086021511,False
Belgium,2016,-5.934137471986696,7.83,67.0800018310547,10.625535217879923,5.747101154321009,0.83,0.6824547430432926,-6.23744722032572,-5.681818181818188,False
Belgium,2017,-5.971891303846101,7.09,69.1500015258789,10.636319968363937,5.885814190377647,0.91,1.084311553431161,14.879439013014073,9.63855421686748,False
Belgium,2018,-6.047902114780996,5.941,70.8456954956055,10.65037364591854,5.903812240177568,0.89,1.4152894724870357,1.816099077021338,-2.197802197802201,False
Belgium,2019,-6.0910470560348235,5.364,71.4499969482422,10.669104319877935,5.814777921262605,0.9,1.8907193419954726,-8.518582239425054,1.1235955056179803,False
Belgium,2020,-6.095357024185821,5.545,72.7141799926758,10.615677803378727,5.866829653184816,1.02,-5.202440098990502,5.343023707487693,13.33333333333333,False
Belgium,2021,-6.17951575182468,6.248,74.2476806640625,10.671739755057544,5.870225794384778,0.93,5.766320571820915,0.3401914621421698,-8.823529411764708,False
Belgium,2022,-6.230157019743495,5.57,75.1261901855469,10.705120836363314,6.04694739311109,1.17,3.394448108754755,19.32988309637489,25.806451612903203,False
Belgium,2023,-6.2392941786476435,5.528,75.1261901855469,10.708422993682452,6.122296830352877,1.17,0.33076154468310026,7.826086956521761,0.0,True
Bulgaria,2015,-5.44478761339047,9.143,74.9100036621094,8.86486820240135,4.298917701661184,1.12,4.0594107867374385,-23.094746750660722,-11.111111111111105,False
Bulgaria,2016,-5.437773792412056,7.575,75.5999984741211,8.901699325521788,4.467350041107994,1.26,3.7517793275211986,18.34481513793209,12.5,False
Bulgaria,2017,-5.430469360659074,6.164,76.4499969482422,8.936092778593217,4.465881470108926,1.17,3.499174730939214,-0.1467493176362411,-7.142857142857151,False
Bulgaria,2018,-5.423248556606845,5.211,76.9173965454102,8.968488657828916,4.778596205991482,1.45,3.292633846490478,36.71314818411342,23.931623931623935,False
Bulgaria,2019,-5.2392787920365915,4.23,77.1142807006836,9.012716078616931,5.475887303777111,3.03,4.522003262445917,100.8305030245785,108.9655172413793,False
Bulgaria,2020,-5.233276376851938,5.125,77.7799987792969,8.986032712076813,4.936118260984223,1.79,-2.6330510939877483,-41.71171421737413,-40.92409240924092,False
Bulgaria,2021,-5.2251279121366485,5.267,78.4247741699219,9.069108807635917,4.934558783547485,1.51,8.662449270055816,-0.15582620836547267,-15.642458100558665,False
Bulgaria,2022,-5.190449806976309,4.268,79.3163833618164,9.143380417829173,4.965576910877486,1.48,7.70993169235028,3.1504202134117643,-1.9867549668874163,False
Bulgaria,2023,-5.160389605897539,4.319,79.3163833618164,9.192132971636886,4.965576910877486,1.31,4.996050986281975,0.0,-11.48648648648648,True
Canada,2015,-6.2933772122024365,6.945,85.3110198974609,10.68267925773026,6.073435364454733,1.04,-0.11236917294930038,-0.6618665482496344,18.181818181818187,False
Canada,2016,-6.35121262524003,7.038,84.4700012207031,10.681695810779633,6.02212954100423,1.02,-0.09829635251621394,-5.001190253524001,-1.9230769230769273,False
Canada,2017,-6.363166982785185,6.426,86.4637603759766,10.699628695733693,6.171586042573309,1.13,1.8094644627930867,16.120295920671012,10.784313725490179,False
Canada,2018,-6.315941351353687,5.837,87.1723480224609,10.712356616786847,6.144462744421275,1.11,1.2809265790424407,-2.6758764719578276,-1.7699115044247593,False
Canada,2019,-6.3305584773475,5.69,87.4373016357422,10.716643988670022,6.038887189696774,1.08,0.4296575810858849,-10.019351435268842,-2.7027027027027084,False
Canada,2020,-6.341402167058823,9.657,88.1384048461914,10.654104466286814,6.029128294103662,1.22,-6.0624064295901725,-0.9711432094103634,12.962962962962955,False
Canada,2021,-6.346941191282691,7.527,86.5199966430664,10.700084801360958,6.134719985110094,1.16,4.70538205187363,11.136800230187237,-4.918032786885251,False
Canada,2022,-6.36506041681713,5.279,89.1743698120117,10.719452732807806,6.141466746460597,1.12,1.9556706589562989,0.6769572015378422,-3.44827586206895,False
Canada,2023,-6.394383156933369,5.415,89.5703811645508,10.702541918105938,6.13032900205014,1.12,-1.676862949238167,-1.1075949367088667,0.0,False
Croatia,2015,-5.498065845455342,16.175,73.8226699829102,9.416158969893626,4.939421148735707,1.31,3.5523422427218954,-16.00955794504181,0.0,False
Croatia,2016,-5.547827007457326,13.103,73.7205963134766,9.46104822524299,4.844036184666115,1.14,4.591202433301977,-9.097707406272127,-12.977099236641232,False
Croatia,2017,-5.531759455411159,11.208,74.7002487182617,9.509398614727163,4.987178393742212,1.25,4.95383381015253,15.38938841819062,9.649122807017552,False
Croatia,2018,-5.583189244098305,8.432,75.858024597168,9.551140298557678,5.286476319527716,1.58,4.262511703557825,34.89114391143913,26.400000000000002,False
Croatia,2019,-5.573266214487612,6.617,76.6451187133789,9.591596792306033,5.298300284065268,1.72,4.1286006266008535,1.189414393304955,8.860759493670889,False
Croatia,2020,-5.564317577047766,7.507,77.9384307861328,9.513770651177214,5.212564260169078,1.74,-7.487474620516165,-8.216351385646469,1.1627906976744207,False
Croatia,2021,-5.430114425202124,7.608,79.1094818115234,9.641763680606108,5.554433763001104,2.09,13.654508030115121,40.75766007683039,20.114942528735625,False
Croatia,2022,-5.424079205680241,6.96,79.9907760620117,9.71814492905028,5.432370264492973,1.81,7.937400538377548,-11.490783531379911,-13.397129186602863,False
Croatia,2023,-5.425127767943542,6.086,79.9907760620117,9.749588192447385,5.2835643328245965,1.35,3.1942825004408038,-13.826366559485493,-25.41436464088398,True
Czechia,2015,-6.172465061254663,5.048,89.7699966430664,9.794319729778334,5.060202687388347,0.95,4.7526240655200835,-14.654681704166583,-2.0618556701030966,False
Czechia,2016,-6.17438554541309,3.952,90.2300033569336,9.817880524173043,5.133541411679412,1.0,2.3840542620698235,7.609497469667614,5.263157894736836,False
Czechia,2017,-6.132590209477747,2.893,90.5800018310547,9.865665899744986,5.263862711984452,1.04,4.894550183522139,13.91943480207094,4.0000000000000036,False
Czechia,2018,-6.135934482100744,2.246,90.5812530517578,9.8902315551262,5.403275587273967,1.09,2.4869877120805794,14.959864290586044,4.807692307692313,False
Czechia,2019,-6.139872370742766,2.015,90.6699981689453,9.921330413777898,5.394714013733289,1.15,3.158748019322122,-0.8525027641104188,5.504587155963292,False
Czechia,2020,-6.058922988625834,2.55,90.9993286132812,9.864390473480421,5.46576015654969,1.32,-5.534919689097595,7.3630765072684845,14.782608695652177,False
Czechia,2021,-5.9638432333894515,2.803,91.4344177246094,9.922008883990838,5.62770596410743,1.4,5.931069674899336,17.579652030938032,6.060606060606055,False
Czechia,2022,-5.979552959061462,2.224,91.1693878173828,9.934373078641217,5.570313134093378,1.26,1.2440947307119643,-5.577692266184631,-9.999999999999998,False
Czechia,2023,-5.997376849766057,2.579,91.1693878173828,9.915695520907308,5.834614757901096,1.47,-1.8504213048580742,30.252100840336137,16.666666666666675,True
Denmark,2015,-5.812106183951445,6.278,77.75,10.879819458138822,6.3879286943571705,1.17,1.3856663444016704,-23.22768582282899,-9.302325581395355,False
Denmark,2016,-5.819910110392797,5.989,78.1800003051758,10.902283261957132,6.366595425306189,1.15,2.271801500738513,-2.1107324431532515,-1.7094017094017144,False
Denmark,2017,-5.886968241246606,5.833,75.21484375,10.925956727643964,6.425234689420693,1.15,2.395590655654223,6.0392650055621555,0.0,False
Denmark,2018,-5.956465151642968,5.131,79.2799987792969,10.939427547374567,6.531625038037839,1.28,1.356196000764065,11.2255959354846,11.304347826086957,False
Denmark,2019,-5.960046460801895,5.018,76.0538482666016,10.952815452675475,6.448205867120929,1.31,1.3477924579688771,-8.003455637062363,2.34375,False
Denmark,2020,-5.962962872576661,5.637,79.3199996948242,10.931937636433158,6.479750555625551,1.38,-2.0661383468241312,3.2047495224390543,5.343511450381677,False
Denmark,2021,-5.9672970174707585,5.043,77.0769271850586,10.998826493140802,6.534165923198457,1.32,6.91766397588236,5.592310729662042,-4.347826086956507,False
Denmark,2022,-5.975172042118158,4.434,76.8023986816406,11.006235796839885,6.440163879143054,1.25,0.7436820507885189,-8.9719098425729,-5.30303030303031,False
Denmark,2023,-5.982583897275359,5.094,76.8023986816406,11.023469571037545,6.493860386785359,1.31,1.7383132452722938,5.5164319248826255,4.800000000000004,True
Estonia,2015,-5.390141933200223,6.412,86.5599975585938,9.782570874036642,5.853005519012119,2.07,1.7714214362213765,-10.624616451879698,7.253886010362698,False
Estonia,2016,-5.3904330554557625,6.882,86.8899993896484,9.812741212857064,5.905469470092471,2.14,3.0630075313659466,5.386457071453776,3.3816425120773097,False
Estonia,2017,-5.391643761770429,5.807,86.9599990844727,9.86634699325441,5.985049112608791,2.06,5.50685914397866,8.283179554431474,-3.738317757009346,False
Estonia,2018,-5.395124153150235,5.412,87.629997253418,9.899195584541095,6.115916562514913,2.13,3.3394062530280877,13.98166884894656,3.398058252427183,False
Estonia,2019,-5.244689017213351,4.514,88.4075698852539,9.932068958877315,6.111477187364575,2.24,3.3419673503879865,-0.4429535690212094,5.164319248826299,False
Estonia,2020,-5.246664609065127,6.956,85.7600021362305,9.90083127733402,6.11691964149396,2.31,-3.075482599248225,0.5457291187317415,3.125,False
Estonia,2021,-5.247724578628229,6.178,85.8408355712891,9.968872349918422,6.16056956657142,2.1,7.040927205109115,4.461659679660279,-9.090909090909093,False
Estonia,2022,-5.261090093743057,5.571,86.4714736938477,9.956110930624291,6.199855064698751,2.11,-1.268033765500698,4.006737855554743,0.4761904761904745,False
Estonia,2023,-5.276864607103791,6.378,86.4714736938477,9.9096396986819,6.627947798328849,2.99,-4.540797806675623,53.432835820895534,41.706161137440766,True
Finland,2015,-5.517732338979625,9.376,74.0199966430664,10.658678246085698,6.271929780494288,1.32,0.1361274461314066,-18.269405659872675,-1.4925373134328401,False
Finland,2016,-5.520606552996501,8.818,77.6111145019531,10.681198195895638,6.2591095103360495,1.3,2.2775438136519943,-1.2738440560566722,-1.5151515151515138,False
Finland,2017,-5.522953258313556,8.64,75.5199966430664,10.711351305170668,6.3828040822909875,1.41,3.0612318178969256,13.167017440012273,8.461538461538453,False
Finland,2018,-5.5242796687214755,7.361,80.3374557495117,10.721884073199528,6.386562447814127,1.36,1.058843289340894,0.3765437035175401,-3.5460992907801248,False
Finland,2019,-5.525381585626386,6.695,77.4499969482422,10.734189262424303,6.348527184930533,1.46,1.2381209560570205,-3.7321006544623225,7.352941176470584,False
Finland,2020,-5.439806620608884,7.759,82.5449523925781,10.70752697455203,6.362116673523027,1.53,-2.630998706782095,1.368224538881413,4.794520547945202,False
Finland,2021,-5.675494357734463,7.617,80.7345123291016,10.732433971068378,6.6837586383567436,1.99,2.521976708054985,37.939081711462855,30.065359477124186,False
Finland,2022,-5.678213802999524,6.719,81.3429718017578,10.74411087994323,6.626000378044454,2.05,1.1745350109886976,-5.612190734483413,3.015075376884413,False
Finland,2023,-5.44959087557183,7.151,81.3429718017578,10.72741105728425,6.823476182610086,2.37,-1.6561153609776946,21.832358674463936,15.60975609756099,True
France,2015,-5.76334860608182,10.354,69.4400024414062,10.510598309049094,6.494716762006182,1.92,0.7080305774510576,-12.945330621600826,4.918032786885229,False
France,2016,-5.795115566890496,10.057,69.6699981689453,10.516523159993778,6.4751355938813955,1.9,0.5942437589637306,-1.9390702259524217,-1.041666666666663,False
France,2017,-5.798017588054008,9.409,70.0800018310547,10.534243183749568,6.4995545933331815,1.88,1.7877954845162414,2.4719584897328284,-1.0526315789473717,False
France,2018,-5.796688519069741,9.018,71.1531143188477,10.546983342602925,6.536707641101304,1.91,1.282166042370525,3.785184959287613,1.5957446808510634,False
France,2019,-5.80001411036002,8.415,72.1900024414062,10.563729425514385,6.43660032100062,1.91,1.688708453325538,-9.52596839962535,0.0,False
France,2020,-5.808173702972803,8.009,73.3635330200195,10.483163766071808,6.445766702809952,2.08,-7.740567543409038,0.9208521745571074,8.900523560209429,False
France,2021,-5.811742726296694,7.874,76.7396774291992,10.54615314005429,6.481195794742554,1.99,6.501552229758212,3.6064180214642416,-4.326923076923084,False
France,2022,-5.815012651282342,7.308,74.4087524414062,10.568266715520924,6.369660813560874,1.94,2.2359892878681453,-10.553989841532507,-2.5125628140703515,False
France,2023,-5.813361828488148,7.335,78.039665222168,10.574324819957974,6.464512908153341,1.95,0.6076491863967526,9.94962216624684,0.5154639175257714,False
Germany,2015,-6.123259581528577,4.612,83.0800018310547,10.643303863393745,6.058101000454626,1.08,0.7765076569947515,-16.88428059395801,-2.7027027027027084,False
Germany,2016,-6.142567840181242,4.104,83.0100021362305,10.657919459602114,6.0767879535420946,1.09,1.4722926294874261,1.886264688285899,0.92592592592593,False
Germany,2017,-6.1350690125132745,3.781,82.9806747436523,10.680980165098308,6.163908461674274,1.14,2.3328659335726476,9.102814956098504,4.587155963302725,False
Germany,2018,-6.13250323448374,3.384,83.4599990844727,10.68907746692223,6.204535398458614,1.15,0.8130173636764493,4.146350134021581,0.8771929824561431,False
Germany,2019,-6.1292182528502535,3.163,83.5707550048828,10.696652724018522,6.190829144164477,1.24,0.7604021944160655,-1.3612751270310253,7.826086956521738,False
Germany,2020,-6.113596458093587,3.881,83.6999969482422,10.654022291003642,6.225704818033151,1.34,-4.173453208481847,3.549096221115211,8.064516129032274,False
Germany,2021,-6.119469333433704,3.594,80.9400482177734,10.689641610442697,6.263534871503291,1.3,3.6261286867129927,3.85547191093889,-2.985074626865669,False
Germany,2022,-6.126678087993597,3.12,80.7969970703125,10.696037206186615,6.171086994522308,1.32,0.6416091236709498,-8.830326988796788,1.538461538461533,False
Germany,2023,-6.131466672023024,3.068,80.7969970703125,10.69956980384316,6.372176538158122,1.48,0.3538844633498295,22.273425499231948,12.12121212121211,True
Greece,2015,-4.326388526943889,24.981,57.9300003051758,9.79705589807022,6.0267082880467635,2.43,0.43122550845144936,-18.842773614278986,0.8298755186721962,False
Greece,2016,-4.322229396661118,23.514,54.6399993896484,9.800897025668823,5.980839272066615,2.39,0.3848514183796281,-4.483293438085467,-1.6460905349794275,False
Greece,2017,-4.33433630429526,21.413,59.9743156433105,9.817498656877618,5.996503991583557,2.32,1.674020407129695,1.5788054396258744,-2.9288702928870425,False
Greece,2018,-4.325240334689576,19.179,60.8411026000977,9.839963930080073,5.977408659758109,2.23,2.271951777412662,-1.891417091847447,-3.87931034482758,False
Greece,2019,-4.317169368103687,17.045,63.7433700561523,9.86353372291216,5.891470542050859,2.34,2.3849755627158187,-8.23489841880438,4.932735426008961,False
Greece,2020,-4.31502344703797,15.899,65.2699966430664,9.769210246361046,5.899335223589747,2.64,-9.001164526817163,0.7895689382375837,12.820512820512842,False
Greece,2021,-4.302855422138117,14.656,67.1153335571289,9.86438118875405,6.308549503472018,3.58,9.984684950993339,50.56343130651217,35.606060606060595,False
Greece,2022,-4.370299235238945,12.426,68.630744934082,9.932827658516906,6.305961570693299,3.6,7.084330092086688,-0.25845869675529265,0.5586592178770999,False
Greece,2023,-4.367296325937309,11.066,68.630744934082,9.958884021942593,6.237927012648159,3.07,2.6398798195508277,-6.577181208053695,-14.722222222222225,True
Hungary,2015,-5.8986818002820165,6.813,75.0999984741211,9.450697995087468,4.624340102095812,0.88,3.9542826126543584,3.35230866540166,20.547945205479444,False
Hungary,2016,-5.8957306942335626,5.115,76.0599975585938,9.475420396127099,4.596884093299897,0.84,2.503053361526275,-2.7082518576456605,-4.545454545454552,False
Hungary,2017,-5.856704440740132,4.156,76.9970626831055,9.519911459039731,4.915950884453845,1.05,4.549563298288817,37.58432159932974,25.0,False
Hungary,2018,-5.855436571223604,3.708,78.1045227050781,9.573414488685724,4.995840035178504,1.05,5.496018791865764,8.316699274375306,0.0,False
Hungary,2019,-5.854984014122498,3.419,78.5931243896484,9.621363284959292,5.014658621150493,1.12,4.911693525260019,1.8996771539411483,6.666666666666665,False
Hungary,2020,-5.8528333357512015,4.25,80.0100021362305,9.577605659110507,5.155904226603587,1.39,-4.281407351324895,15.170747888810098,24.10714285714284,False
Hungary,2021,-5.654539811065523,4.045,81.4102630615234,9.64997380944176,5.212684469279047,1.3,7.5051051620178555,5.842318858810858,-6.474820143884886,False
Hungary,2022,-5.708394427400487,3.609,82.6402359008789,9.70155854152983,5.903177429338392,2.72,5.293840018169549,99.46985976565044,109.23076923076924,False
Hungary,2023,-5.702968184878917,4.107,82.6402359008789,9.69786647881189,5.795135946927308,2.08,-0.36852554345990773,-10.24096385542168,-23.529411764705888,True
Italy,2015,-5.84941669832413,11.896,49.1500015258789,10.32177442007315,5.7944113547460665,1.18,0.9829442115787401,-14.437131533093195,3.5087719298245723,False
Italy,2016,-5.847717857591115,11.688,50.1106872558594,10.335759683714548,5.80179104061763,1.19,1.4083514930054886,0.7406982859762934,0.8474576271186418,False
Italy,2017,-5.846219246421375,11.211,51.0024604797363,10.353168060173603,5.973461497436403,1.37,1.7560785357203734,18.72865065655318,15.126050420168081,False
Italy,2018,-5.8674410274410915,10.61,51.9755325317383,10.363301183445431,5.999339363252079,1.38,1.0184637217473647,2.6215604813390803,0.7299270072992581,False
Italy,2019,-5.885586511348213,9.951,52.5768356323242,10.379113910267368,5.861956481537696,1.35,1.5938409575193324,-12.836357141639631,-2.1739130434782483,False
Italy,2020,-5.880715560431035,9.164,52.4599990844727,10.291121252767107,5.914150309374888,1.57,-8.423239927798976,5.357993584382337,16.296296296296298,False
Italy,2021,-5.89995101356675,9.497,52.4379005432129,10.381822290800583,6.005621120447364,1.58,9.494161042452042,9.578479144287599,0.6369426751592355,False
Italy,2022,-5.9041199751458455,8.069,52.7956314086914,10.429408955972235,5.923058799892221,1.47,4.873708616253536,-7.924594583507371,-6.9620253164556996,False
Italy,2023,-5.903777758567173,7.627,52.7956314086914,10.43670328049168,5.971098776479583,1.41,0.7320992907734025,4.921259842519676,-4.081632653061229,True
Latvia,2015,-5.980164440717533,9.873,88.2900009155273,9.497170229950957,4.898035932572853,1.05,4.636450280469129,-5.709571761799093,10.526315789473696,False
Latvia,2016,-5.971025587395267,9.643,88.7300033569336,9.53150582100089,5.256774052103359,1.48,3.4931862327209684,43.15218648614405,40.95238095238094,False
Latvia,2017,-5.9621634316623435,8.715,87.9997253417969,9.573792592012047,5.521476373693345,1.77,4.3193593541642095,30.30430302623033,19.594594594594604,False
Latvia,2018,-5.772050490906467,7.412,90.3000030517578,9.623778253005291,5.798186507703441,2.13,5.1256022300744775,31.878404498330724,20.338983050847446,False
Latvia,2019,-5.6109474196778475,6.312,90.9300003051758,9.637461692557247,5.710490367081107,2.11,1.377748628227371,-8.396081846596083,-0.9389671361502372,False
Latvia,2020,-5.7580859837977725,8.098,90.1376037597656,9.609165448670275,5.745184543762489,2.27,-2.7899654643777527,3.530304056818512,7.582938388625604,False
Latvia,2021,-5.344187928909558,7.513,88.1561660766602,9.68476377426933,5.810932908016197,2.1,7.852926954117856,6.795794695632429,-7.488986784140961,False
Latvia,2022,-5.592788661412707,6.815,88.7702789306641,9.705441961970637,5.834614757901096,2.12,2.0893462696431886,2.396449164166503,0.952380952380949,False
Latvia,2023,-5.59175693987959,6.465,69.2309112548828,9.72339761495259,6.045206748633306,2.4,1.8117824899080315,23.44086021505376,13.207547169811317,False
Lithuania,2015,-5.201568965499182,9.12,84.3099975585938,9.568032673897894,5.035959075778354,1.14,3.804776874229243,7.503471213148649,28.08988764044942,False
Lithuania,2016,-5.128237398352861,7.862,86.2200012207031,9.607108097005044,5.331227030298109,1.49,3.9848909328273896,34.348630368697954,30.701754385964918,False
Lithuania,2017,-5.057095762503702,7.073,87.3099975585938,9.666181725092455,5.578431266620818,1.74,6.0853346467659275,28.044059855421,16.778523489932894,False
Lithuania,2018,-4.942193342253776,6.147,88.5540771484375,9.723736060970083,5.8008355158750184,1.99,5.924282397957614,24.90762139455307,14.367816091954033,False
Lithuania,2019,-4.890756134534896,6.255,89.6794509887695,9.77209569551001,5.739554500025018,1.96,4.954804118683143,-5.944110932153313,-1.5075376884422176,False
Lithuania,2020,-4.844503786482799,8.487,89.870002746582,9.772256076474848,5.8008216240678845,2.07,0.01603938265524185,6.318287796739974,5.612244897959173,False
Lithuania,2021,-4.802180078207333,7.112,91.1113204956055,9.831975583073167,5.897567139989099,1.98,6.1538750167300815,10.158000337527406,-4.347826086956519,False
Lithuania,2022,-4.813116759007834,5.955,91.9948425292969,9.846097545513173,6.071003535965326,2.22,1.4222148403532753,18.938503468972367,12.121212121212132,False
Lithuania,2023,-4.7437435962517425,6.841,91.9948425292969,9.835505881000188,6.328523908000386,2.6,-1.0535770345884377,29.37181663837012,17.117117117117118,True
Luxembourg,2015,-6.344941382545018,6.796,69.0699996948242,11.566106096767554,5.869134900942003,0.37,-0.1154763055327801,-18.47674242242818,-5.128205128205132,False
Luxembourg,2016,-6.366494502424939,6.669,75.3423461914062,11.593135409356771,5.787686434436087,0.35,2.739791801524194,-7.821978881501767,-5.405405405405405,False
Luxembourg,2017,-6.390804266602551,5.523,72.4430084228516,11.581911526960793,6.066862672524803,0.45,-1.1161129623962651,32.20403171982578,28.57142857142858,False
Luxembourg,2018,-6.410092641742427,5.589,74.2424240112305,11.574742632510798,6.365728360911285,0.57,-0.7143259221506271,34.832851513228505,26.66666666666666,False
Luxembourg,2019,-6.4297210909410625,5.592,75.2209701538086,11.583855641084726,6.102459993714386,0.48,0.9154658459010756,-23.14643801166737,-15.78947368421052,False
Luxembourg,2023,-6.501935107846555,5.184,77.4083404541016,11.574422717358363,6.481549095305909,0.68,-3.0735716888949605,30.3964757709251,25.92592592592593,True
Montenegro,2015,-5.740048506521863,17.555,78.6587600708008,8.782198990901886,4.5865997741129645,1.67,3.332384577806735,-16.791037467927982,-2.9069767441860517,False
Montenegro,2016,-5.7402799318295745,17.732,79.1999359130859,8.81103382248697,4.587494352950057,1.56,2.9254580087473725,0.08949790920849132,-6.586826347305386,False
Montenegro,2017,-5.740392410900552,16.082,79.9968566894531,8.857007524408303,4.674178513306142,1.57,4.704687527377738,9.05521857047038,0.6410256410256387,False
Montenegro,2018,-5.740157797369024,15.19,62.7289695739746,8.90677382531618,4.725753724617102,1.44,5.10254439807154,5.292837543760043,-8.280254777070073,False
Montenegro,2019,-5.739837927243212,15.128,81.8237915039062,8.94691946581577,4.576403690219337,1.42,4.0962369432455015,-13.873241115198509,-1.388888888888895,False
Montenegro,2020,-5.738676533633522,17.878,81.9217376708984,8.781944881499175,4.544523000740209,1.65,-15.208474584028586,-3.1377858002407,16.19718309859155,False
Montenegro,2021,-5.73529890641566,16.543,59.2587928771973,8.907924706886117,4.730258320034754,1.55,13.425928481001526,20.410351522879424,-6.060606060606055,False
Montenegro,2022,-5.7320670025717915,14.851,59.2587928771973,8.973254784723586,4.446167543420104,1.12,6.7511328067817455,-24.730168579997923,-27.74193548387096,True
Montenegro,2023,-5.324921971254188,14.621,59.2587928771973,9.036384377938267,5.095254734186018,1.8,6.51648684267534,91.37931034482759,60.7142857142857,True
Netherlands,2015,-6.15390948428506,6.872,69.5699996948242,10.73190428550867,6.203700559292634,1.17,1.6689877558040855,-19.069763924806782,-3.3057851239669422,False
Netherlands,2016,-6.18740215004784,6.007,69.9899978637695,10.750536160887973,6.208189419908792,1.16,1.8806531808692517,0.4498950642898958,-0.8547008547008517,False
Netherlands,2017,-6.193314183709481,4.837,70.5940017700195,10.772059765487349,6.295511213392391,1.21,2.1756908215212256,9.124777964889619,4.31034482758621,False
Netherlands,2018,-6.19915351779869,3.832,71.0999984741211,10.788556517327615,6.352102109199519,1.23,1.6633574592452183,5.822279844420075,1.6528925619834656,False
Netherlands,2019,-6.205704233546742,3.379,71.4319534301758,10.804746183903118,6.339992282480695,1.32,1.6321429332087911,-1.203679785345857,7.317073170731714,False
Netherlands,2020,-6.240247178322544,3.82,72.9599990844727,10.759743321853854,6.3404061871521264,1.39,-4.400525427487323,0.04139903417883506,5.303030303030298,False
Netherlands,2021,-6.245482083404232,4.209,73.850830078125,10.815385531248992,6.405483973006858,1.35,5.721935290728952,6.724203748961988,-2.877697841726601,False
Netherlands,2022,-6.255014872632777,3.526,74.0509719848633,10.854711804677754,6.464512908153341,1.45,4.010978848104951,6.080593487120312,7.407407407407396,False
Netherlands,2023,-6.264916269499779,3.537,74.0509719848633,10.845555737200277,6.540582626890102,1.44,-0.9114278330323078,7.903780068728539,-0.6896551724137945,True
North Macedonia,2015,-5.4766884220438214,26.395,62.2778282165527,8.568396958460811,3.8340291730822185,1.01,4.134290505306071,-22.856206883262033,-12.173913043478258,False
North Macedonia,2016,-5.473484747310102,24.312,63.738208770752,8.599684612434947,3.8360782642661366,0.99,3.17822574701061,0.20511920059380628,-1.980198019801982,False
North Macedonia,2017,-5.469460531438771,22.857,65.41650390625,8.614468462655626,3.90098862507266,1.04,1.4893671862517888,6.70633693972178,5.050505050505061,False
North Macedonia,2018,-5.464388323869081,21.208,53.4467811584473,8.64793954476456,3.9434787641611497,0.99,3.40375411089493,4.340576739100732,-4.807692307692313,False
North Macedonia,2019,-5.457595236983559,17.414,66.9626770019531,8.693091623035496,4.051591824478606,1.25,4.61869501137766,11.417370709872433,26.262626262626256,False
North Macedonia,2020,-5.446804179779426,16.575,68.3000030517578,8.655863493690106,4.226069269621674,1.59,-3.6543682382480958,19.062388773071646,27.200000000000003,False
North Macedonia,2021,-5.436509599312567,15.801,69.5329437255859,8.710277150432285,4.294334004441882,1.5,5.592130079246882,7.064870895760267,-5.660377358490576,False
North Macedonia,2022,-5.433564785956026,14.476,70.5153350830078,8.740437091218665,4.365406186775645,1.66,3.061935884276701,7.365872226362713,10.666666666666668,False
North Macedonia,2023,-5.4314355488129165,13.174,71.9502563476562,8.763081934553675,4.544607616233356,1.85,2.2903184143501676,19.62616822429908,11.44578313253013,False
Norway,2015,-5.2961240013418065,4.296,77.4899978637695,11.22270638777491,6.960610674040793,1.5,0.8487991242161597,-17.149738718029706,11.111111111111093,False
Norway,2016,-5.344154412648686,4.68,77.8399963378906,11.225476624967053,6.962838800226532,1.62,0.2774077844881262,0.2230610303521896,8.000000000000007,False
Norway,2017,-5.393053138987791,4.164,78.2200012207031,11.241738748394324,6.972480944508187,1.56,1.6395071451147603,0.9688779522221358,-3.703703703703709,False
Norway,2018,-5.4422136618490775,3.801,82.1473999023438,11.243392681444584,7.003219757515816,1.56,0.1655301551894306,3.121612847029742,0.0,False
Norway,2019,-5.448964275581534,3.684,78.75,11.247817171732933,6.906928151902624,1.65,0.44342927972071955,-9.180085851642772,5.769230769230771,False
Norway,2020,-5.454851848821964,4.424,82.4527740478516,11.229065491690552,6.825386270587419,1.79,-1.8576961085907784,-7.830589271590016,8.484848484848495,False
Norway,2021,-5.376817962701662,4.359,75.2643356323242,11.262060084586354,6.936332512647956,1.53,3.354495074095598,11.733483962125968,-14.525139664804465,False
Norway,2022,-5.385801914907768,3.231,79.070556640625,11.282689643423907,6.89001270641033,1.25,2.0843819014395804,-4.52634173522447,-18.300653594771244,False
Norway,2023,-5.3971837609733155,3.572,79.070556640625,11.276092803395422,6.871122836077439,1.48,-0.6575128647709261,-1.8712574850299313,18.399999999999995,True
Poland,2015,-5.949863945679968,7.475,83.8682327270508,9.444425606744863,5.514362907149357,2.12,4.501384676349107,-2.389486260453988,13.36898395721926,False
Poland,2016,-5.949434094371225,6.141,84.8600006103516,9.474716910374989,5.3878870638636,1.93,3.0754752825238096,-11.88045639272497,-8.9622641509434,False
Poland,2017,-5.890718395334136,4.867,85.4903793334961,9.524833198869178,5.468832640207924,1.9,5.1393354217257325,8.431188274434852,-1.5544041450777257,False
Poland,2018,-5.773992119698166,3.835,86.0824737548828,9.585420842170388,5.602513617734623,2.03,6.2460711054001194,14.30281098177777,6.842105263157894,False
Poland,2019,-5.7241509074878,3.267,86.5674667358398,9.630451637076177,5.519011730410866,1.98,4.606007273410917,-8.011064945942692,-2.463054187192115,False
Poland,2020,-5.806483404116379,3.155,87.7799987792969,9.611636537275679,5.559873448120168,2.13,-1.8639200724013816,4.170804581044174,7.575757575757569,False
Poland,2021,-5.781976213581202,3.268,87.8078155517578,9.70312160873207,5.583254201536596,1.97,9.580041786611094,2.3656225960574595,-7.511737089201875,False
Poland,2022,-5.7776455066223775,2.811,88.1990509033203,9.758672448653886,5.521522969923946,1.88,5.712275974473124,-5.986446845118887,-4.5685279187817285,False
Poland,2023,-5.905017183760023,2.743,66.9982604980469,9.763716398634879,6.077771751311465,2.86,0.5056692111244265,74.41176470588235,52.127659574468076,False
Portugal,2015,-5.749014222814246,12.447,35.4300003051758,9.863487163188942,5.384626585493385,1.26,2.011395800797744,-5.656783791484832,12.5,False
Portugal,2016,-5.841169812448592,11.068,36.7700004577637,9.886484978787898,5.34015566104241,1.19,2.326430432515969,-4.349658944887724,-5.555555555555558,False
Portugal,2017,-5.805941095522013,8.869,37.6199989318848,9.921533558029378,5.363043032074086,1.14,3.567001964156069,2.3151296582517356,-4.201680672268915,False
Portugal,2018,-5.9424903937913625,6.994,37.0800018310547,9.952171734498622,5.379370066420412,1.07,3.111235567055637,1.6461048730659344,-6.140350877192969,False
Portugal,2019,-5.94272772873786,6.464,40.6800003051758,9.979021068162538,5.345740009136828,1.11,2.721302468105158,-3.3070853124965716,3.738317757009346,False
Portugal,2020,-5.943778869990327,6.801,43.4500007629395,9.892361579077601,5.372749961330807,1.25,-8.301071266087101,2.7378027378027525,12.612612612612594,False
Portugal,2021,-5.950047371644659,6.577,47.285888671875,9.940190632662398,5.375614836758351,1.15,4.899131869092144,0.2868983104877154,-8.000000000000007,False
Portugal,2022,-5.9570199361248894,6.011,48.120044708252,10.000744389567298,5.222006439825162,1.01,6.2424708699282405,-14.239220289484035,-12.173913043478258,False
Portugal,2023,-6.008451562703415,6.509,47.4094543457031,10.012002071751178,5.302049147498699,0.97,1.132128834986701,8.333333333333371,-3.960396039603964,False
Romania,2015,-5.631545715659941,6.812,64.6600036621094,9.102422977129411,4.687141003334842,1.4,3.6430694109635953,-12.303054062126629,0.0,False
Romania,2016,-5.625809107206146,5.901,66.4199981689453,9.136357583933707,4.776085522757607,1.46,3.4516954146490475,9.302001326282472,4.285714285714293,False
Romania,2017,-5.648602409498732,4.927,67.4499969482422,9.220907043122473,5.041903293431459,1.73,8.822666570909043,30.449731935857784,18.493150684931514,False
Romania,2018,-5.642727476424696,4.187,68.322151184082,9.28619108317067,5.179147299297218,1.8,6.7462183337516635,14.710801545885289,4.046242774566489,False
Romania,2019,-5.623070590753233,3.912,69.1800003051758,9.329941824600139,5.231329657959084,1.98,4.472191654002633,5.356785222011462,9.999999999999986,False
Romania,2020,-5.6319517292799155,5.035,71.0299987792969,9.298013518799035,5.2417938984840164,2.08,-3.142397912812389,1.0519182163422292,5.050505050505061,False
Romania,2021,-5.595917992050628,5.59,72.1699981689453,9.359447823275683,5.287967529699595,1.95,6.3360636200562315,4.725623154412184,-6.25,False
Romania,2022,-5.578077623276281,5.614,73.0299987792969,9.402189027415996,5.412889128921151,1.88,4.3667763001664195,13.305961682847279,-3.589743589743588,False
Romania,2023,-5.60682460005281,5.589,73.0299987792969,9.425371169946416,5.828142243395478,2.41,2.345293687895067,51.47540983606558,28.19148936170215,True
Russia,2015,-5.199899528385181,5.615,94.0891723632812,9.151299566634428,5.847570723026163,3.82,-2.246178336732052,-20.920400568623876,20.504731861198742,False
Russia,2016,-5.161965841553337,5.591,94.5656661987305,9.150647083399686,5.667058446647473,3.46,-0.06522704138456348,-16.51575682078048,-9.424083769633507,False
Russia,2017,-5.084114698372203,5.238,91.3463897705078,9.166826484665988,5.6834457016384015,2.89,1.6310996531914812,1.6522262513375185,-16.473988439306353,False
Russia,2018,-5.084836054537604,4.871,91.5161361694336,9.193790773697733,5.624843094132711,2.7,2.7331115119578975,-5.691853180214046,-6.57439446366782,False
Russia,2019,-5.085215526675138,4.513,91.4410934448242,9.215153964527957,5.578872118334544,2.74,2.1593017483925614,-4.493031807634573,1.4814814814814836,False
Russia,2020,-5.083783506356862,5.62,91.8141174316406,9.189690990156329,5.455842719892344,2.87,-2.5141526954928217,-11.576233303123617,4.744525547445244,False
Russia,2021,-5.080346262257964,4.749,92.1800003051758,9.247751735911876,5.551505503222016,2.64,5.977937085360607,10.038793226700493,-8.013937282229966,False
Russia,2022,-4.797504008373069,3.867,91.9972534179688,9.230365864479484,5.957878565051449,3.29,-1.723560924288492,50.13625490540407,24.62121212121211,False
Russia,2023,-4.873294959684548,3.076,92.6996612548828,9.268585184324408,5.963565784172038,3.72,3.8959072235342562,0.5703422053231932,13.06990881458967,False
Slovakia,2015,-5.82596341791684,11.492,86.6900024414062,9.707598943240708,5.029805210203976,1.01,5.076973322212885,-17.641129032258075,-2.8846153846153855,False
Slovakia,2016,-5.8272526412164085,9.679,87.3199996948242,9.725600638158351,5.111441064678745,1.09,1.8164702093648621,8.506061791161535,7.920792079207928,False
Slovakia,2017,-5.828804431173283,8.142,87.0699996948242,9.752390718586469,5.235014557646794,1.17,2.715216078869598,13.153316121678916,7.339449541284382,False
Slovakia,2018,-5.830189512769396,6.544,87.7799987792969,9.790823483072645,5.342404872186941,1.23,3.9180856150244248,11.33687336873368,5.128205128205132,False
Slovakia,2019,-5.831542793497805,5.761,87.6999969482422,9.811974071935486,5.629553604810689,1.78,2.1375847884703036,33.26224031631626,44.715447154471555,False
Slovakia,2020,-5.832400488253954,6.719,89.1387252807617,9.784921132779438,5.574732562523918,1.76,-2.6690286034394384,-5.334545607192709,-1.1235955056179803,False
Slovakia,2021,-5.712493864521461,6.894,89.8135070800781,9.84273472665749,5.622256359339865,1.68,5.9517476757508625,4.867115585884685,-4.545454545454552,False
Slovakia,2022,-5.709645254924577,6.143,90.1811904907227,9.850069994882649,5.603373996354266,1.73,0.736223720636886,-1.8705207957152137,2.976190476190488,False
Slovakia,2023,-5.708722106414464,5.84,90.1811904907227,9.86468238936838,5.860093843202081,2.0,1.4719677438712608,29.268292682926813,15.606936416184979,True
Slovenia,2015,-5.552732330419098,8.962,81.4499969482422,9.937757320976354,5.3538549268266316,1.03,2.316347427520027,-18.415092993812323,-4.629629629629628,False
Slovenia,2016,-5.686995695116036,8.0,81.870002746582,9.966918211400868,5.34015566104241,1.0,2.9590232359559376,-1.360585786915447,-2.9126213592232997,False
Slovenia,2017,-5.687647285508526,6.564,82.5599975585938,10.016716402865102,5.3968015119990405,0.98,5.105896230132423,5.828095483427798,-2.0000000000000018,False
Slovenia,2018,-5.691273129459874,5.108,82.4642105102539,10.055949661594369,5.511388217898668,1.1,4.001304748086865,12.14098697003565,12.244897959183687,False
Slovenia,2019,-5.698236169923208,4.446,82.9400024414062,10.083438787318602,5.489355520827978,1.16,2.7870437699888395,-2.179175001599587,5.454545454545445,False
Slovenia,2020,-5.704933716484858,4.971,84.5077056884766,10.035033456614023,5.411692935279413,1.13,-4.725246902595181,-7.472342443304614,-2.5862068965517238,False
Slovenia,2021,-5.707622236184556,4.744,86.0022888183594,10.112907358629533,5.7035593066256896,1.35,8.098633987678006,33.89240870612402,19.469026548672574,False
Slovenia,2022,-5.863667159799143,4.011,86.0007934570312,10.137647621777363,5.7304482722358765,1.47,2.5048842985084807,2.7253735939183787,8.888888888888879,False
Slovenia,2023,-5.867629327628752,3.652,86.0007934570312,10.154591314058658,5.87466225903037,1.47,1.7088050804977772,15.513126491646778,0.0,True
Spain,2015,-5.94199943390021,22.057,47.8600006103516,10.164691078754958,5.544327695851293,1.09,4.1416376696035595,-0.17943689276617159,19.780219780219777,False
Spain,2016,-5.93468042476173,19.635,48.6500015258789,10.192581512162887,5.247065237976399,0.81,2.8283012783618,-25.715097980076397,-25.688073394495415,False
Spain,2017,-5.953420113767092,17.224,49.8653259277344,10.218784625302085,5.521476373693345,1.01,2.6549432977628573,31.57556451916912,24.691358024691358,False
Spain,2018,-5.966098746519074,15.255,50.4199981689453,10.238076508513577,5.586253096862841,1.06,1.9479174049328751,6.692077909790095,4.950495049504955,False
Spain,2019,-5.9732759028901095,14.104,52.1955718994141,10.250321304358932,5.326246214455828,0.91,1.2320070284283613,-22.895372086901478,-14.150943396226412,False
Spain,2020,-5.953468311618123,15.532,53.2599983215332,10.129575603557127,5.365503552810039,1.07,-11.374069403013953,4.0038090906506785,17.582417582417587,False
Spain,2021,-5.9545263035607645,14.781,54.9879417419434,10.193210597556153,5.487944021732271,1.05,6.5703339647140035,13.025183296142796,-1.869158878504673,False
Spain,2022,-5.953643903399914,12.917,55.3492813110352,10.24595489119375,5.45147912619102,1.03,5.416005521978695,-3.580805926155728,-1.904761904761909,False
Spain,2023,-5.965896707868483,12.179,55.249439239502,10.260107022624398,5.70629250835654,1.19,1.4252746923598014,29.0220820189274,15.533980582524265,False
Sweden,2015,-5.788857218322244,7.432,75.0299987792969,10.84345482847279,6.312109857799819,1.15,3.311867853918349,-12.030030827322747,4.545454545454519,False
Sweden,2016,-5.801421758173274,6.99,75.5599975585938,10.854115882293454,6.288806015689902,1.12,1.0718085346819617,-2.3034404615854376,-2.608695652173898,False
Sweden,2017,-5.8148962087689,6.718,76.1500015258789,10.858728431430096,6.302245245573736,1.1,0.4623203316087787,1.3529942246353288,-1.7857142857142905,False
Sweden,2018,-5.826512660368504,6.365,83.173713684082,10.86596282676278,6.290810344160818,1.11,0.7260626788685443,-1.136977141583495,0.9090909090909038,False
Sweden,2019,-6.5297970635630005,6.833,77.2600021362305,10.88100246874264,6.2346317668228695,1.19,1.5153306505010677,-5.46297008957567,7.2072072072072,False
Sweden,2020,-6.53702410269183,8.291,84.2090759277344,10.853518256491245,6.285424052734773,1.29,-2.71099578243873,5.2104333692781335,8.40336134453783,False
Sweden,2021,-6.543030018020224,8.722,83.1135482788086,10.9051915336753,6.414185084459594,1.3,5.303163684117074,13.741828480085738,0.7751937984496138,False
Sweden,2022,-6.54983584670321,7.392,83.9836730957031,10.912873138577009,6.33375952205433,1.38,0.7711184118753822,-7.727641364819082,6.153846153846132,False
Sweden,2023,-6.554563025335861,7.611,83.9836730957031,10.905034422280691,6.464512908153341,1.57,-0.7808073678268634,13.968668407310702,13.768115942029002,True
Türkiye,2015,-5.0308916127620495,10.304,37.0699996948242,9.310185264420392,4.605647969083659,0.98,4.678595993380896,-18.529807429985233,-21.599999999999998,False
Türkiye,2016,-5.408597672840825,10.899,37.6599998474121,9.329421637894288,4.60618648596221,1.0,1.942258459853785,0.053866190479712195,2.0408163265306145,False
Türkiye,2017,-5.421565229962871,10.919,39.0299987792969,9.38879332347389,4.496972057178958,0.92,6.116958888255786,-10.346184669986847,-7.9999999999999964,False
Türkiye,2018,-5.435101259827714,10.956,33.6019554138184,9.40494395557057,4.928536353282397,1.65,1.6281758529049561,53.96641313351908,79.3478260869565,False
Türkiye,2019,-5.449398228638693,13.73,42.1699981689453,9.398798815402806,4.786124221201406,1.59,-0.6126297410807946,-13.273624439418253,-3.6363636363636265,False
Türkiye,2020,-5.459102088952225,13.148,36.4532737731934,9.407522844137901,4.639081583365222,1.51,0.8762193977939203,-13.67428307861519,-5.031446540880502,False
Türkiye,2021,-5.468206537977871,11.969,37.7613334655762,9.506729115866161,4.473213217044863,1.17,10.429406071214164,-15.284225865908008,-22.51655629139073,False
Türkiye,2022,-5.4780524004225635,10.465,39.2632904052734,9.550740822057584,4.010065465850049,0.69,4.499458772352227,-37.07003541356843,-41.02564102564102,False
Türkiye,2023,-5.482116293933751,9.388,41.0625801086426,9.596525277258998,4.346537702471262,0.78,4.684874383548432,39.99999999999999,13.043478260869579,False
United Kingdom,2015,-6.040503820032198,5.517,77.3530197143555,10.713626147585956,6.754553969149071,2.03,1.416108051490217,-8.149112847570061,-0.9756097560975618,False
United Kingdom,2016,-6.067627161033287,4.867,77.3118133544922,10.725082186979588,6.635795653894171,1.98,1.1521911115616401,-11.197760370483657,-2.463054187192115,False
United Kingdom,2017,-6.08766613252255,4.452,77.1100006103516,10.744506767345078,6.606566637029481,1.98,1.9614465010448612,-2.8805980813562337,0.0,False
United Kingdom,2018,-6.107148444176817,4.12,78.4058227539062,10.752401565938126,6.673876263955356,2.06,0.7926044688544298,6.9626612107705155,4.040404040404044,False
United Kingdom,2019,-6.112789755310815,3.613,79.182991027832,10.762874472188265,6.600156326038585,2.1,1.0527939082915605,-7.106818400602499,1.9417475728155331,False
United Kingdom,2020,-6.109713305767623,4.472,79.9100036621094,10.650551821270334,6.589278984432155,2.23,-10.624416016838323,-1.0818397239141797,6.190476190476191,False
United Kingdom,2021,-6.082402317915344,4.826,80.4599990844727,10.73365094411619,6.713556001161688,2.3,8.664951500244245,13.232950177201875,3.139013452914785,False
United Kingdom,2022,-6.113549427658219,3.73,78.3403701782227,10.769562927917153,6.676367317571874,2.34,3.656460799889749,-3.650567737050492,1.7391304347826209,False
United Kingdom,2023,-6.162583542576095,3.984,79.4127426147461,10.764744703314257,6.696551489036419,2.22,-0.4806635579046703,2.038924930491204,-5.12820512820511,False
United States,2015,-5.447819815151738,5.28,88.4100036621094,10.95151170539113,7.456463527788002,3.25,2.1904305658238643,-5.381774736613442,-6.340057636887608,False
United States,2016,-5.479994552825181,4.869,89.0899963378906,10.962295919982772,7.436672803512501,3.17,1.0842573831341795,-1.9596173439686448,-2.4615384615384595,False
United States,2017,-5.485578877714118,4.355,89.8141326904297,10.980248566187873,7.42571382634809,3.07,1.8114763650572074,-1.0899146335184073,-3.154574132492116,False
United States,2018,-5.482716108990866,3.896,89.8099975585938,11.004217768083663,7.424458063301075,3.06,2.4258772176447563,-0.12549749065410287,-0.32573289902279035,False
United States,2019,-5.471935557850395,3.669,94.6938018798828,11.025174041690963,7.50626321962262,3.49,2.117739825733822,8.524433622957783,14.052287581699341,False
United States,2020,-5.475845190093226,8.055,90.9400024414062,10.993616391318826,7.501497263994796,3.71,-3.106490462527711,-0.4754616482407381,6.30372492836675,False
United States,2021,-5.4723880638473315,5.349,91.313362121582,11.050831104968351,7.446276690786141,3.26,5.8883142652937925,-5.37235982897839,-12.129380053908356,False
United States,2022,-5.5014725063092405,3.65,91.1900024414062,11.07196971816196,7.511409796117143,3.23,2.136361629862771,6.730107839322863,-0.9202453987730008,False
United States,2023,-5.531709563010436,3.638,95.2892456054688,11.095516986127441,7.596542986345905,3.32,2.3826693807721178,8.886208283071962,2.786377708978316,False
