Country,Defence budget per capita,Year,Defence budget % GDP,Active Armed Forces,Population,GDP (2015 USD),Unemployment rate,Secondary education attainment rate,GDP per capita,GDP per capita % change,Defence budget per capita % change,Defence budget % GDP % change,Active Armed Forces per capita
Albania,61.225,2013,1.44,,,,,,,,,,
Albania,44.47980416156671,2014,1.04,,2889104.0,11139693788.8124,18.055,45.9827041625977,3855.7607440965785,,-27.350258617285895,-27.777777777777768,
Albania,31.146953405017925,2015,0.89,8.0,2880703.0,11386853113.0189,17.193,48.1863632202148,3952.803573648134,2.516827054171711,-29.975066230325698,-14.423076923076927,2.777099895407475e-06
Albania,36.14782948768088,2016,0.99,8.0,2876101.0,11764325094.2129,15.418,46.9845199584961,4090.372728291844,3.4802932167141476,16.05574714686955,11.23595505617978,2.781543485433926e-06
Albania,32.96754250386399,2017,0.86,8.0,2873457.0,12211675169.6845,13.616,46.3533401489258,4249.820049398512,3.898112267466991,-8.798002615622401,-13.131313131313128,2.784102911580024e-06
Albania,37.60516605166052,2018,0.88,8.0,2866376.0,12702504600.374,12.304,49.8858070373535,4431.555595069873,4.276311551052192,14.067240672406722,2.3255813953488413,2.7909806668769205e-06
Albania,51.82097710966861,2019,1.29,8.0,2854191.0,12964502337.0284,11.466,50.7128944396973,4542.268662828942,2.4982890405851776,37.80281421568239,46.59090909090911,2.8028958118079695e-06
Albania,56.00262553331146,2020,1.47,8.0,2837849.0,12534895529.6924,11.69,51.277702331543,4417.04105105395,-2.7569397820911834,8.06941253692155,13.953488372093027,2.8190365308372643e-06
Albania,59.6844118584635,2021,1.36,8.0,2811666.0,13659219676.8332,11.474,51.8425102233887,4858.052015009322,9.984307568301688,6.574310204370759,-7.482993197278908,2.8452881672289666e-06
Albania,68.38659633881477,2022,1.51,8.0,2777689.0,14318507636.8055,10.137,53.2684860229492,5154.827497536801,6.108939995096163,14.580330457117952,11.029411764705866,2.8800920477418457e-06
Albania,94.12348743406764,2023,1.74,8.0,2745972.0,14882173624.9218,10.108,53.2684860229492,5419.637791252715,5.137132015425383,37.63440860215055,15.231788079470189,2.9133581842786453e-06
Albania,115.4483400558486,2024,1.87,8.0,2745972.0,14882173624.9218,10.25,53.2684860229492,5419.637791252715,5.137132015425383,22.65625000000002,7.471264367816088,2.9133581842786453e-06
Belgium,441.4125,2013,0.95,,,,,,,,,,
Belgium,427.3929008567932,2014,0.93,,11209057.0,454346946668.411,8.523,64.0199966430664,40533.913483392134,,-3.1760766048099742,-2.1052631578947323,
Belgium,334.1218637992832,2015,0.88,31.0,11274196.0,461044767544.531,8.482,66.2099990844727,40893.804537772005,0.8878764063265931,-21.823253701811574,-5.376344086021511,2.749641748289634e-06
Belgium,313.2811888932343,2016,0.83,30.0,11331422.0,466547349016.531,7.83,67.0800018310547,41172.886246450886,0.6824547430432926,-6.23744722032572,-5.681818181818188,2.6475053175144304e-06
Belgium,359.8956723338485,2017,0.91,29.0,11375158.0,473426438780.183,7.09,69.1500015258789,41619.32860890222,1.084311553431161,14.879439013014073,9.63855421686748,2.54941513779413e-06
Belgium,366.4317343173432,2018,0.89,27.0,11427054.0,482317238512.932,5.941,70.8456954956055,42208.362585223804,1.4152894724870357,1.816099077021338,-2.197802197802201,2.3628137225920172e-06
Belgium,335.2169456781688,2019,0.9,26.0,11488980.0,494099718421.514,5.364,71.4499969482422,43006.40426056221,1.8907193419954726,-8.518582239425054,1.1235955056179803,2.2630381461191507e-06
Belgium,353.1276665572695,2020,1.02,26.0,11538604.0,470417598481.151,5.545,72.7141799926758,40769.02184017676,-5.202440098990502,5.343023707487693,13.33333333333333,2.253305512521272e-06
Belgium,354.3289767293592,2021,0.93,24.0,11586195.0,499595504127.06,6.248,74.2476806640625,43119.89433347704,5.766320571820915,0.3401914621421698,-8.823529411764708,2.0714306983440207e-06
Belgium,422.82035370772576,2022,1.17,23.0,11680210.0,520745539238.467,5.57,75.1261901855469,44583.5767711768,3.394448108754755,19.32988309637489,25.806451612903203,1.969142678085411e-06
Belgium,455.9106422587652,2023,1.17,23.0,11787423.0,527263714444.414,5.528,75.1261901855469,44731.042098380116,0.33076154468310026,7.826086956521761,0.0,1.951232258314646e-06
Belgium,519.885200124108,2024,1.28,24.0,11787423.0,527263714444.414,5.488,75.1261901855469,44731.042098380116,0.33076154468310026,14.032258064516112,9.401709401709413,2.036068443458761e-06
Bulgaria,102.7,2013,1.39,,,,,,,,,,
Bulgaria,95.7282741738066,2014,1.26,,7223938.0,49142357906.2347,11.424,73.8099975585938,6802.710364656327,,-6.788438000188323,-9.352517985611508,
Bulgaria,73.62007168458781,2015,1.12,31.0,7177991.0,50811995688.6771,9.143,74.9100036621094,7078.860322989692,4.0594107867374385,-23.094746750660722,-11.111111111111105,4.318757156424409e-06
Bulgaria,87.12553773953853,2016,1.26,31.0,7127822.0,52349886250.8068,7.575,75.5999984741211,7344.443541211719,3.7517793275211986,18.34481513793209,12.5,4.3491546225480936e-06
Bulgaria,86.99768160741885,2017,1.17,31.0,7075947.0,53787375622.383,6.164,76.4499969482422,7601.4384537338965,3.499174730939214,-0.1467493176362411,-7.142857142857151,4.381039032655276e-06
Bulgaria,118.93726937269372,2018,1.45,31.0,7025037.0,55158665587.1604,5.211,76.9173965454102,7851.72598908168,3.292633846490478,36.71314818411342,23.931623931623935,4.412788146169194e-06
Bulgaria,238.86231636487872,2019,3.03,37.0,6975761.0,57248544889.4673,4.23,77.1142807006836,8206.781294466267,4.522003262445917,100.8305030245785,108.9655172413793,5.304080802080232e-06
Bulgaria,139.22874958976044,2020,1.79,37.0,6934015.0,55407582000.7787,5.125,77.7799987792969,7990.692549811141,-2.6330510939877483,-41.71171421737413,-40.92409240924092,5.336013839024e-06
Bulgaria,139.01179470832005,2021,1.51,37.0,6877743.0,59718632534.0491,5.267,78.4247741699219,8682.882238264661,8.662449270055816,-0.15582620836547267,-15.642458100558665,5.379671790585953e-06
Bulgaria,143.39125038783743,2022,1.48,37.0,6643324.0,62130535277.7185,4.268,79.3163833618164,9352.326527762081,7.70993169235028,3.1504202134117643,-1.9867549668874163,5.569501050979901e-06
Bulgaria,143.39125038783743,2023,1.31,37.0,6446596.0,63302823436.9332,4.319,79.3163833618164,9819.573529492649,4.996050986281975,0.0,-11.48648648648648,5.739463121312395e-06
Bulgaria,254.4275519702141,2024,2.17,37.0,6446596.0,63302823436.9332,4.104,79.3163833618164,9819.573529492649,4.996050986281975,77.43589743589743,65.64885496183206,5.739463121312395e-06
Canada,462.15,2013,0.88,,,,,,,,,,
Canada,437.062423500612,2014,0.88,,35434066.0,1546457292386.53,7.023,84.7867736816406,43643.23564748483,,-5.428448880101266,0.0,
Canada,434.1696535244923,2015,1.04,66.0,35704498.0,1556508816217.14,6.945,85.3110198974609,43594.194104539434,-0.11236917294930038,-0.6618665482496344,18.181818181818187,1.8485065943232138e-06
Canada,412.45600312866645,2016,1.02,63.0,36110803.0,1572673953080.04,7.038,84.4700012207031,43551.34260182583,-0.09829635251621394,-5.001190253524001,-1.9230769230769273,1.7446302703376605e-06
Canada,478.9451313755796,2017,1.13,63.0,36545075.0,1620386284372.81,6.426,86.4637603759766,44339.38866927513,1.8094644627930867,16.120295920671012,10.784313725490179,1.7238985006871652e-06
Canada,466.1291512915129,2018,1.11,67.0,37072620.0,1664832887596.13,5.837,87.1723480224609,44907.34368372481,1.2809265790424407,-2.6758764719578276,-1.7699115044247593,1.807263689482966e-06
Canada,419.4260334813803,2019,1.08,67.0,37618495.0,1696605089927.38,5.69,87.4373016357422,45100.29149032623,0.4296575810858849,-10.019351435268842,-2.7027027027027084,1.7810388214626874e-06
Canada,415.3528060387266,2020,1.22,67.0,38028638.0,1611126164920.14,9.657,88.1384048461914,42366.12851925278,-6.0624064295901725,-0.9711432094103634,12.962962962962955,1.7618301239187162e-06
Canada,461.6098182977367,2021,1.16,67.0,38239864.0,1696305710720.04,7.527,86.5199966430664,44359.61672667141,4.70538205187363,11.136800230187237,-4.918032786885251,1.7520982815210849e-06
Canada,464.734719205709,2022,1.12,67.0,38939056.0,1761102321572.64,5.279,89.1743698120117,45227.14473542039,1.9556706589562989,0.6769572015378422,-3.44827586206895,1.7206375008166609e-06
Canada,459.5873409866584,2023,1.12,67.0,40097761.0,1783097209318.73,5.415,89.5703811645508,44468.747502353806,-1.676862949238167,-1.1075949367088667,0.0,1.6709162389391268e-06
Canada,511.7964629227428,2024,1.22,62.0,40097761.0,1783097209318.73,6.45,89.5703811645508,44468.747502353806,-1.676862949238167,11.360000000000014,8.92857142857142,1.5462209972272517e-06
China,83.9375,2013,1.22,,,,,,,,,,
China,92.82741738066096,2014,1.24,,1371860000.0,10333926843443.8,4.63,31.7700004577637,7532.785301301737,,10.591115271077832,1.6393442622950838,
China,98.16009557945044,2015,1.27,2333.0,1379860000.0,11061572618578.7,4.65,31.7700004577637,8016.445594899989,6.420736477311673,5.744723217841519,2.4193548387096753,1.6907512356326004e-06
China,96.394211967149,2016,1.28,2183.0,1387790000.0,11819153423353.8,4.56,31.7700004577637,8516.52874235569,6.238215447677331,-1.7989831834180903,0.7874015748031482,1.5730045612088285e-06
China,101.64992272024728,2017,1.28,2035.0,1396215000.0,12640253743744.4,4.47,31.7700004577637,9053.228724619346,6.3018631005665515,5.452309475686579,0.0,1.4575119161447199e-06
China,106.69372693726936,2018,1.23,2035.0,1402760000.0,13493442283300.8,4.31,31.7700004577637,9619.20947510679,6.251700555717954,4.961936105847564,-3.90625,1.4507114545610083e-06
China,102.83225145199864,2019,1.23,2035.0,1407745000.0,14296369668065.2,4.56,31.7700004577637,10155.510883054245,5.575316862943147,-3.6192151086268387,0.0,1.445574305005523e-06
China,104.22710863144076,2020,1.26,2035.0,1411100000.0,14616413683019.5,5.0,31.7700004577637,10358.169997179151,1.9955580419205532,1.3564394047068218,2.4390243902439046,1.4421373396640918e-06
China,114.08033152693656,2021,1.2,2035.0,1412360000.0,15851276922873.1,4.55,31.7700004577637,11223.255347696833,8.35171995394235,9.453608590772621,-4.761904761904767,1.4408507745900478e-06
China,113.24232081911263,2022,1.23,2035.0,1412175000.0,16318995784492.7,4.98,31.7700004577637,11555.930238456776,2.964156837331622,-0.7345794814998863,2.5000000000000133,1.4410395312195727e-06
China,115.4483400558486,2023,1.26,2035.0,1410710000.0,17175670911003.5,4.67,31.7700004577637,12175.196114724855,5.358857863361233,1.9480519480519654,2.4390243902439046,1.4425360279575533e-06
China,122.06639776605648,2024,1.29,2035.0,1410710000.0,17175670911003.5,4.571,31.7700004577637,12175.196114724855,5.358857863361233,5.73248407643312,2.3809523809523725,1.4425360279575533e-06
Croatia,176.76250000000002,2013,1.39,,,,,,,,,,
Croatia,166.31578947368422,2014,1.31,,4201598.0,49847163744.5929,17.29,72.85595703125,11863.858404491079,,-5.910026462805062,-5.755395683453224,
Croatia,139.689366786141,2015,1.31,17.0,4151725.0,51005200669.6941,16.175,73.8226699829102,12285.303258210526,3.5523422427218954,-16.00955794504181,0.0,4.094683535157073e-06
Croatia,126.9808369182636,2016,1.14,16.0,4106867.0,52770556703.1252,13.103,73.7205963134766,12849.346400340015,4.591202433301977,-9.097707406272127,-12.977099236641232,3.895913843813301e-06
Croatia,146.52241112828438,2017,1.25,16.0,4041407.0,54501936568.9879,11.208,74.7002487182617,13485.881666703675,4.95383381015253,15.38938841819062,9.649122807017552,3.959017243252165e-06
Croatia,197.64575645756457,2018,1.58,15.0,3988775.0,56085044234.0737,8.432,75.858024597168,14060.71895107488,4.262511703557825,34.89114391143913,26.400000000000002,3.760553052002181e-06
Croatia,199.99658353262728,2019,1.72,15.0,3949390.0,57823926882.8566,6.617,76.6451187133789,14641.229881793543,4.1286006266008535,1.189414393304955,8.860759493670889,3.798054889489263e-06
Croatia,183.56416147029867,2020,1.74,15.0,3914206.0,53017808755.2998,7.507,77.9384307861328,13544.971510262822,-7.487474620516165,-8.216351385646469,1.1627906976744207,3.8321948308290365e-06
Croatia,258.38061842524706,2021,2.09,17.0,3878981.0,59714859477.6201,7.608,79.1094818115234,15394.470732808462,13.654508030115121,40.75766007683039,20.114942528735625,4.3825942947387474e-06
Croatia,228.6906608749612,2022,1.81,17.0,3855641.0,64066840476.8464,6.96,79.9907760620117,16616.391535634775,7.937400538377548,-11.490783531379911,-13.397129186602863,4.40912418972617e-06
Croatia,197.0710518150792,2023,1.35,17.0,3859686.0,66182676637.3453,6.086,79.9907760620117,17147.166022662284,3.1942825004408038,-13.826366559485493,-25.41436464088398,4.4045033715177866e-06
Croatia,221.3372634191747,2024,1.39,17.0,3859686.0,66182676637.3453,5.236,79.9907760620117,17147.166022662284,3.1942825004408038,12.31343283582087,2.962962962962945,4.4045033715177866e-06
Czechia,200.4625,2013,1.03,,,,,,,,,,
Czechia,184.68788249694003,2014,0.97,,10525347.0,180173337872.859,6.108,89.629997253418,17118.042556968336,,-7.869111431344999,-5.82524271844661,
Czechia,157.62246117084828,2015,0.95,22.0,10546059.0,189107698561.919,5.048,89.7699966430664,17931.598767076783,4.7526240655200835,-14.654681704166583,-2.0618556701030966,2.0860873241843233e-06
Czechia,169.6167383652718,2016,1.0,22.0,10566332.0,193988322699.324,3.952,90.2300033569336,18359.097811740536,2.3840542620698235,7.609497469667614,5.263157894736836,2.0820848710791974e-06
Czechia,193.22642967542504,2017,1.04,23.0,10594438.0,204024435225.367,2.893,90.5800018310547,19257.69306737809,4.894550183522139,13.91943480207094,4.0000000000000036,2.170950455323822e-06
Czechia,222.1328413284133,2018,1.09,23.0,10629928.0,209798950840.998,2.246,90.5812530517578,19736.629527593977,2.4869877120805794,14.959864290586044,4.807692307692313,2.163702331756151e-06
Czechia,220.23915271609155,2019,1.15,23.0,10671870.0,217279912678.49,2.015,90.6699981689453,20360.059921877797,3.158748019322122,-0.8525027641104188,5.504587155963292,2.1551986671501807e-06
Czechia,236.45553002953727,2020,1.32,25.0,10697858.0,205753475034.301,2.55,90.9993286132812,19233.146956549714,-5.534919689097595,7.3630765072684845,14.782608695652177,2.3369164182212925e-06
Czechia,278.0235894166401,2021,1.4,27.0,10505772.0,214043320209.36,2.803,91.4344177246094,20373.87830321846,5.931069674899336,17.579652030938032,6.060606060606055,2.5700157970304326e-06
Czechia,262.5162891715793,2022,1.26,27.0,10672118.0,220137498815.997,2.224,91.1693878173828,20627.34864963047,1.2440947307119643,-5.577692266184631,-9.999999999999998,2.5299570338333964e-06
Czechia,341.9329816940739,2023,1.47,27.0,10864042.0,219949654880.837,2.579,91.1693878173828,20245.65579559035,-1.8504213048580742,30.252100840336137,16.666666666666675,2.485262851524322e-06
Czechia,444.88054607508536,2024,1.91,27.0,10864042.0,219949654880.837,2.506,91.1693878173828,20245.65579559035,-1.8504213048580742,30.107526881720425,29.931972789115633,2.485262851524322e-06
Denmark,808.7625,2013,1.36,,,,,,,,,,
Denmark,774.5287637698899,2014,1.29,,5643475.0,295539545041.068,6.925,76.8399963378906,52368.36258529859,,-4.2328540492555184,-5.147058823529416,
Denmark,594.6236559139785,2015,1.17,17.0,5683483.0,301758922337.637,6.278,77.75,53094.01336075731,1.3856663444016704,-23.22768582282899,-9.302325581395355,2.9911235768629906e-06
Denmark,582.0727414939382,2016,1.15,17.0,5728010.0,311032111245.335,5.989,78.1800003051758,54300.203953089294,2.271801500738513,-2.1107324431532515,-1.7094017094017144,2.9678719136314356e-06
Denmark,617.2256568778979,2017,1.15,16.0,5764980.0,320538736946.88,5.833,75.21484375,55601.014564990684,2.395590655654223,6.0392650055621555,0.0,2.7753782320146816e-06
Denmark,686.5129151291513,2018,1.28,15.0,5793636.0,326500781458.764,5.131,79.2799987792969,56355.07330090534,1.356196000764065,11.2255959354846,11.304347826086957,2.589047706828665e-06
Denmark,631.5681585240861,2019,1.31,15.0,5814422.0,332088518914.51,5.018,76.0538482666016,57114.62272853777,1.3477924579688771,-8.003455637062363,2.34375,2.579792110032605e-06
Denmark,651.8083360682639,2020,1.38,15.0,5831404.0,326176991303.13,5.637,79.3199996948242,55934.55560669952,-2.0661383468241312,3.2047495224390543,5.343511450381677,2.572279334445015e-06
Denmark,688.2594835830411,2021,1.32,15.0,5856733.0,350255593023.122,5.043,77.0769271850586,59803.92020997406,6.91766397588236,5.592310729662042,-4.347826086956507,2.5611548281268756e-06
Denmark,626.5094632330128,2022,1.25,15.0,5903037.0,355650135472.963,4.434,76.8023986816406,60248.67123024352,0.7436820507885189,-8.9719098425729,-5.30303030303031,2.541064878976703e-06
Denmark,661.0704312752094,2023,1.31,15.0,5946952.0,364524261928.203,5.094,76.8023986816406,61295.981862339395,1.7383132452722938,5.5164319248826255,4.800000000000004,2.5223004994827603e-06
Denmark,675.0418864412038,2024,1.33,13.0,5946952.0,364524261928.203,5.587,76.8023986816406,61295.981862339395,1.7383132452722938,2.1134593993325845,1.526717557251911,2.185993766218392e-06
Estonia,372.2875,2013,1.91,,,,,,,,,,
Estonia,389.6817625458996,2014,1.93,,1314545.0,22891073863.273,7.352,85.9499969482422,17413.68600030657,,4.67226607014728,1.0471204188481575,
Estonia,348.27956989247315,2015,2.07,6.0,1315407.0,23311847750.9394,6.412,86.5599975585938,17722.15576695228,1.7714214362213765,-10.624616451879698,7.253886010362698,4.561325886208603e-06
Estonia,367.0394994133751,2016,2.14,6.0,1315790.0,24032886893.1699,6.882,86.8899993896484,18264.986732814432,3.0630075313659466,5.386457071453776,3.3816425120773097,4.55999817600073e-06
Estonia,397.4420401854714,2017,2.06,6.0,1317384.0,25387061799.8453,5.807,86.9599990844727,19270.813824856912,5.50685914397866,8.283179554431474,-3.738317757009346,4.5544806981108015e-06
Estonia,453.0110701107011,2018,2.13,6.0,1321977.0,26326305513.7363,5.412,87.629997253418,19914.344586733583,3.3394062530280877,13.98166884894656,3.398058252427183,4.538656875270901e-06
Estonia,451.0044414075846,2019,2.24,7.0,1326898.0,27307395615.8101,4.514,88.4075698852539,20579.875480865976,3.3419673503879865,-0.4429535690212094,5.164319248826299,5.275462017427112e-06
Estonia,453.4657039711192,2020,2.31,7.0,1329522.0,26519902198.9957,6.956,85.7600021362305,19946.94499150499,-3.075482599248225,0.5457291187317415,3.125,5.2650501458418894e-06
Estonia,473.69780044628624,2021,2.1,7.0,1330932.0,28417254674.457,6.178,85.8408355712891,21351.394868000018,7.040927205109115,4.461659679660279,-9.090909090909093,5.259472309629643e-06
Estonia,492.6776295376978,2022,2.11,7.0,1348840.0,28434426605.4652,5.571,86.4714736938477,21080.651971668394,-1.268033765500698,4.006737855554743,0.4761904761904745,5.18964443521841e-06
Estonia,755.9292584548557,2023,2.99,7.0,1370286.0,27574843698.0953,6.378,86.4714736938477,20123.422189305955,-4.540797806675623,53.432835820895534,41.706161137440766,5.108422621263006e-06
Estonia,1050.065156686317,2024,3.96,7.0,1370286.0,27574843698.0953,7.828,86.4714736938477,20123.422189305955,-4.540797806675623,38.91050583657587,32.441471571906334,5.108422621263006e-06
Finland,693.225,2013,1.42,,,,,,,,,,
Finland,647.858017135863,2014,1.34,,5461512.0,232127848925.0,8.663,73.5699996948242,42502.48812508331,,-6.54433738889063,-5.633802816901401,
Finland,529.4982078853047,2015,1.32,22.0,5479531.0,233210733506.25,9.376,74.0199966430664,42560.34567671029,0.1361274461314066,-18.269405659872675,-1.4925373134328401,4.014942154720906e-06
Finland,522.7532264372312,2016,1.3,22.0,5495303.0,239208760192.969,8.818,77.6111145019531,43529.67619673911,2.2775438136519943,-1.2738440560566722,-1.5151515151515138,4.003418919757473e-06
Finland,591.5842349304482,2017,1.41,22.0,5508214.0,247110711000.0,8.64,75.5199966430664,44862.220494701185,3.0612318178969256,13.167017440012273,8.461538461538453,3.994035090139926e-06
Finland,593.8118081180812,2018,1.36,22.0,5515525.0,250058686750.391,7.361,80.3374557495117,45337.241105858644,1.058843289340894,0.3765437035175401,-3.5460992907801248,3.988740872355759e-06
Finland,571.6501537410318,2019,1.46,22.0,5521606.0,253433824963.672,6.695,77.4499969482422,45898.57098888838,1.2381209560570205,-3.7321006544623225,7.352941176470584,3.984348032076175e-06
Finland,579.47161142107,2020,1.53,24.0,5529543.0,247120696616.016,7.759,82.5449523925781,44690.980179739265,-2.630998706782095,1.368224538881413,4.794520547945202,4.340322518515544e-06
Finland,799.3178195728402,2021,1.99,19.0,5541017.0,253878739632.812,7.617,80.7345123291016,45818.07629047376,2.521976708054985,37.939081711462855,30.065359477124186,3.4289734176957047e-06
Finland,754.4585789636984,2022,2.05,19.0,5556106.0,257560103403.906,6.719,81.3429718017578,46356.22563786688,1.1745350109886976,-5.612190734483413,3.015075376884413,3.4196611799702885e-06
Finland,919.1746819733168,2023,2.37,24.0,5583911.0,254562199573.437,7.151,81.3429718017578,45588.51306430869,-1.6561153609776946,21.832358674463936,15.60975609756099,4.29806277356498e-06
Finland,900.7911883338504,2024,2.25,24.0,5583911.0,254562199573.437,8.26,81.3429718017578,45588.51306430869,-1.6561153609776946,-2.0000000000000018,-5.063291139240511,4.29806277356498e-06
France,783.0875000000001,2013,1.86,,,,,,,,,,
France,760.0244798041616,2014,1.83,,66312067.0,2416703157283.96,10.273,68.5299987792969,36444.39491358277,,-2.9451396166888744,-1.6129032258064502,
France,661.6367980884111,2015,1.92,209.0,66548272.0,2442483452642.5,10.354,69.4400024414062,36702.43237333796,0.7080305774510576,-12.945330621600826,4.918032786885229,3.1405774142414998e-06
France,648.8071959327337,2016,1.9,203.0,66724104.0,2463489569508.32,10.057,69.6699981689453,36920.5342871044,0.5942437589637306,-1.9390702259524217,-1.041666666666663,3.0423788081140814e-06
France,664.8454404945904,2017,1.88,203.0,66918020.0,2514819204022.09,9.409,70.0800018310547,37580.59793194852,1.7877954845162414,2.4719584897328284,-1.0526315789473717,3.0335625590834877e-06
France,690.0110701107011,2018,1.91,204.0,67158348.0,2556210832827.89,9.018,71.1531143188477,38062.44359715177,1.282166042370525,3.785184959287613,1.5957446808510634,3.037597053459385e-06
France,624.280833618039,2019,1.91,204.0,67382061.0,2608036639287.32,8.415,72.1900024414062,38705.207299719135,1.688708453325538,-9.52596839962535,0.0,3.027512025789772e-06
France,630.029537249754,2020,2.08,203.0,67601110.0,2413981867221.76,8.009,73.3635330200195,35709.20458586789,-7.740567543409038,0.9208521745571074,8.900523560209429,3.002909271756041e-06
France,652.7510360216768,2021,1.99,203.0,67842811.0,2580120255345.61,7.874,76.7396774291992,38030.857172849304,6.501552229758212,3.6064180214642416,-4.326923076923084,2.9922109212131555e-06
France,583.8597579894508,2022,1.94,203.0,68065015.0,2646451031159.26,7.308,74.4087524414062,38881.22306531865,2.2359892878681453,-10.553989841532507,-2.5125628140703515,2.982442595509602e-06
France,641.9515978901644,2023,1.95,204.0,68287487.0,2671234714330.38,7.335,78.039665222168,39117.48450093617,0.6076491863967526,9.94962216624684,0.5154639175257714,2.987370145865816e-06
France,689.0133416071983,2024,2.02,202.0,68287487.0,2671234714330.38,7.37,78.039665222168,39117.48450093617,0.6076491863967526,7.331042382588793,3.589743589743599,2.9580822032592882e-06
Germany,537.2,2013,1.18,,,,,,,,,,
Germany,514.4186046511628,2014,1.11,,80982500.0,3367906396055.51,4.979,83.0,41588.07638755916,,-4.240766073871416,-5.932203389830493,
Germany,427.56272401433694,2015,1.08,179.0,81686611.0,3423568450957.03,4.612,83.0800018310547,41911.01098510538,0.7765076569947515,-16.88428059395801,-2.7027027027027084,2.1913015830709394e-06
Germany,435.62768869769263,2016,1.09,177.0,82348669.0,3502129441730.16,4.104,83.0100021362305,42528.06371078275,1.4722926294874261,1.886264688285899,0.92592592592593,2.149397217336931e-06
Germany,475.28207109737247,2017,1.14,179.0,82657002.0,3597248136065.74,3.781,82.9806747436523,43520.18642129967,2.3328659335726476,9.102814956098504,4.587155963302725,2.1655757609016596e-06
Germany,494.9889298892989,2018,1.15,180.0,82905782.0,3637409365003.91,3.384,83.4599990844727,43874.0130936092,0.8130173636764493,4.146350134021581,0.8771929824561431,2.17113928193814e-06
Germany,488.25076870515886,2019,1.24,181.0,83092962.0,3673343090202.78,3.163,83.5707550048828,44207.6320519514,0.7604021944160655,-1.3612751270310253,7.826086956521738,2.1782831619361457e-06
Germany,505.5792582868396,2020,1.34,184.0,83160871.0,3522914640155.8,3.881,83.6999969482422,42362.647213685384,-4.173453208481847,3.549096221115211,8.064516129032274,2.2125790385240192e-06
Germany,525.0717245776219,2021,1.3,183.0,83196078.0,3652205602572.65,3.594,80.9400482177734,43898.77131675185,3.6261286867129927,3.85547191093889,-2.985074626865669,2.1996229197246535e-06
Germany,478.7061743717034,2022,1.32,183.0,83797985.0,3702230996916.9,3.12,80.7969970703125,44180.42983869958,0.6416091236709498,-8.830326988796788,1.538461538461533,2.183823393844136e-06
Germany,585.3304374806081,2023,1.48,181.0,83280000.0,3692366831510.82,3.068,80.7969970703125,44336.77751573991,0.3538844633498295,22.273425499231948,12.12121212121211,2.1733909702209412e-06
Germany,751.5172199813838,2024,1.83,180.0,83280000.0,3692366831510.82,3.406,80.7969970703125,44336.77751573991,0.3538844633498295,28.391959798994982,23.648648648648663,2.1613832853025936e-06
Greece,541.15,2013,2.43,,,,,,,,,,
Greece,510.55079559363526,2014,2.41,,10892413.0,195012591244.259,26.708,56.2700004577637,17903.52525599782,,-5.654477391918089,-0.8230452674897082,
Greece,414.3488649940263,2015,2.43,143.0,10820883.0,194567373678.099,24.981,57.9300003051758,17980.72982381373,0.43122550845144936,-18.842773614278986,0.8298755186721962,1.3215187706955153e-05
Greece,395.77238951896754,2016,2.39,143.0,10775971.0,194505510567.857,23.514,54.6399993896484,18049.928917575686,0.3848514183796281,-4.483293438085467,-1.6460905349794275,1.3270265853536539e-05
Greece,402.0208655332303,2017,2.32,141.0,10754679.0,197370819841.305,21.413,59.9743156433105,18352.08841112831,1.674020407129695,1.5788054396258744,-2.9288702928870425,1.3110572616811716e-05
Greece,394.4169741697417,2018,2.23,142.0,10732882.0,201445880947.483,19.179,60.8411026000977,18769.03900997728,2.271951777412662,-1.891417091847447,-3.87931034482758,1.323036999754586e-05
Greece,361.9371370003416,2019,2.34,143.0,10721582.0,206033167541.336,17.045,63.7433700561523,19216.676003721837,2.3849755627158187,-8.23489841880438,4.932735426008961,1.3337583949831284e-05
Greece,364.7948802100427,2020,2.64,143.0,10698599.0,187085880547.56,15.899,65.2699966430664,17486.951380041442,-9.001164526817163,0.7895689382375837,12.820512820512842,1.336623608380873e-05
Greece,549.247688874721,2021,3.58,143.0,10569207.0,203277224063.029,14.656,67.1153335571289,19232.96838287196,9.984684950993339,50.56343130651217,35.606060606060595,1.3529870310989273e-05
Greece,547.8281104560969,2022,3.6,132.0,10436882.0,214952754695.546,12.426,68.630744934082,20595.495349621277,7.084330092086688,-0.25845869675529265,0.5586592178770999,1.2647455437361465e-05
Greece,511.7964629227428,2023,3.07,132.0,10405588.0,219965719224.042,11.066,68.630744934082,21139.191675092457,2.6398798195508277,-6.577181208053695,-14.722222222222225,1.2685491680047298e-05
Greece,545.6220912193609,2024,3.07,132.0,10405588.0,219965719224.042,10.133,68.630744934082,21139.191675092457,2.6398798195508277,6.609195402298851,0.0,1.2685491680047298e-05
Hungary,107.6375,2013,0.81,,,,,,,,,,
Hungary,98.62913096695226,2014,0.73,,9866468.0,120699456740.623,7.725,74.120002746582,12233.299367172021,,-8.369173413585173,-9.876543209876553,
Hungary,101.93548387096774,2015,0.88,27.0,9843028.0,125174166987.372,6.813,75.0999984741211,12717.03859700206,3.9542826126543584,3.35230866540166,20.547945205479444,2.743058335300885e-06
Hungary,99.17481423543217,2016,0.84,27.0,9814023.0,127929252772.234,5.115,76.0599975585938,13035.352859090914,2.503053361526275,-2.7082518576456605,-4.545454545454552,2.7511653477885676e-06
Hungary,136.44899536321483,2017,1.05,28.0,9787966.0,133394359768.376,4.156,76.9970626831055,13628.404488570557,4.549563298288817,37.58432159932974,25.0,2.860655625489504e-06
Hungary,147.79704797047972,2018,1.05,28.0,9775564.0,140547430034.099,3.708,78.1045227050781,14377.424160293871,5.496018791865764,8.316699274375306,0.0,2.864284863768474e-06
Hungary,150.60471472497437,2019,1.12,28.0,9771141.0,147383974295.866,3.419,78.5931243896484,15083.599171874195,4.911693525260019,1.8996771539411483,6.666666666666665,2.8655814095815423e-06
Hungary,173.4525763045619,2020,1.39,28.0,9750149.0,140770787502.349,4.25,80.0100021362305,14437.808848085193,-4.281407351324895,15.170747888810098,24.10714285714284,2.8717509855490414e-06
Hungary,183.5862288810966,2021,1.3,34.0,9709891.0,150710923361.943,4.045,81.4102630615234,15521.381585225106,7.5051051620178555,5.842318858810858,-6.474820143884886,3.5015841063509366e-06
Hungary,366.1991932981694,2022,2.72,32.0,9644377.0,157618619387.289,3.609,82.6402359008789,16343.058694956553,5.293840018169549,99.46985976565044,109.23076923076924,3.3179955532638344e-06
Hungary,328.6968662736581,2023,2.08,32.0,9592186.0,156187937314.849,4.107,82.6402359008789,16282.830349082993,-0.36852554345990773,-10.24096385542168,-23.529411764705888,3.3360487380040377e-06
Hungary,422.82035370772576,2024,2.48,32.0,9592186.0,156187937314.849,4.434,82.6402359008789,16282.830349082993,-0.36852554345990773,28.635346756152135,19.23076923076923,3.3360487380040377e-06
Iceland,115.5375,2013,0.25,,,,,,,,,,
Iceland,87.99265605875154,2014,0.17,,327386.0,16773046835.507,4.897,71.0925369262695,51233.24404680408,,-23.84060927512579,-31.999999999999996,
Iceland,85.89008363201913,2015,0.18,0.0,330815.0,17517210519.0912,3.979,72.3031921386719,52951.68151108989,3.3541453332838644,-2.389486260453999,5.88235294117645,0.0
Iceland,126.05396949550256,2016,0.22,0.0,335439.0,18621440660.0019,2.978,76.0001678466797,55513.64230158658,4.838299214275432,46.76195919840816,22.222222222222232,0.0
Iceland,148.35394126738794,2017,0.22,0.0,343400.0,19402600566.9271,2.742,74.9507904052734,56501.45767887915,1.7794101347667235,17.690812801163712,0.0,0.0
Iceland,100.5719557195572,2018,0.15,0.0,352721.0,20351227274.147,2.704,75.5587921142578,57697.80442374284,2.1173732395773026,-32.208099858776364,-31.818181818181824,0.0
Iceland,128.74274000683295,2019,0.22,0.0,360563.0,20729999827.2907,3.507,73.870002746582,57493.41953359246,-0.35423339274635035,28.010576194649527,46.66666666666668,0.0
Iceland,115.89432228421398,2020,0.24,0.0,366463.0,19291243912.7068,5.478,74.1399993896484,52641.7234828804,-8.438698011130285,-9.979916321446192,9.090909090909083,0.0
Iceland,92.92636276697482,2021,0.17,0.0,372520.0,20304846331.8777,6.029,79.7339630126953,54506.72804648797,3.5428258047327965,-19.81801961006647,-29.166666666666664,0.0
Iceland,84.56407074154515,2022,0.14,0.0,382003.0,22130761184.0171,3.789,79.1531066894531,57933.4748261587,6.286832658067665,-8.998837118374281,-17.647058823529406,0.0
Iceland,82.35805150480918,2023,0.13,0.0,393349.0,23245527336.2072,3.518,79.1531066894531,59096.444470958864,2.0074225623266884,-2.60869565217392,-7.142857142857151,0.0
Iceland,98.53552590753957,2024,0.15,0.0,393349.0,23245527336.2072,3.107,79.1531066894531,59096.444470958864,2.0074225623266884,19.64285714285716,15.384615384615374,0.0
Italy,404.875,2013,1.18,,,,,,,,,,
Italy,383.8800489596084,2014,1.14,,60789140.0,1829227175717.41,12.683,48.6399993896484,30091.34815392042,,-5.185539003492822,-3.3898305084745783,
Italy,328.4587813620072,2015,1.18,175.0,60730582.0,1845428048839.1,11.896,49.1500015258789,30387.129318785388,0.9829442115787401,-14.437131533093195,3.5087719298245723,2.8815794981184275e-06
Italy,330.8916699256942,2016,1.19,175.0,60627498.0,1868241619898.42,11.688,50.1106872558594,30815.08690822801,1.4083514930054886,0.7406982859762934,0.8474576271186418,2.8864790033063875e-06
Italy,392.8632148377125,2017,1.37,175.0,60536709.0,1898202609756.92,11.211,51.0024604797363,31356.22403518698,1.7560785357203734,18.72865065655318,15.126050420168081,2.8908079558801258e-06
Italy,403.1623616236163,2018,1.38,171.0,60421760.0,1913894038939.75,10.61,51.9755325317383,31675.57580149519,1.0184637217473647,2.6215604813390803,0.7299270072992581,2.830106239871199e-06
Italy,351.4110010249402,2019,1.35,166.0,59729081.0,1922107755102.45,9.951,52.5768356323242,32180.434102149502,1.5938409575193324,-12.836357141639631,-2.1739130434782483,2.7792157056627073e-06
Italy,370.23957991467023,2020,1.57,166.0,59438851.0,1751650987476.49,9.164,52.4599990844727,29469.798927918207,-8.423239927798976,5.357993584382337,16.296296296296298,2.7927861526125394e-06
Italy,405.7029008606949,2021,1.58,162.0,59133173.0,1908092024347.85,9.497,52.4379005432129,32267.70909702157,9.494161042452042,9.578479144287599,0.6369426751592355,2.739579017686063e-06
Italy,373.552590753956,2022,1.47,161.0,59013667.0,1997042745688.22,8.069,52.7956314086914,33840.34321555073,4.873708616253536,-7.924594583507371,-6.9620253164556996,2.7281815922403195e-06
Italy,391.9360843934223,2023,1.41,161.0,58993475.0,2010974774790.36,7.627,52.7956314086914,34088.088128227064,0.7320992907734025,4.921259842519676,-4.081632653061229,2.729115380980693e-06
Italy,425.0263729444617,2024,1.48,162.0,58993475.0,2010974774790.36,6.778,52.7956314086914,34088.088128227064,0.7320992907734025,8.442776735459656,4.964539007092195,2.7460664081917534e-06
Latvia,103.6875,2013,0.69,,,,,,,,,,
Latvia,142.14198286413708,2014,0.95,,1993782.0,25384189270.9715,10.846,87.8000030517578,12731.677420586353,,37.08690330477356,37.681159420289866,
Latvia,134.026284348865,2015,1.05,5.0,1977527.0,26344565876.8902,9.873,88.2900009155273,13321.975314061554,4.636450280469129,-5.709571761799093,10.526315789473696,2.528410484408051e-06
Latvia,191.86155651153692,2016,1.48,5.0,1959537.0,27016796437.5492,9.643,88.7300033569336,13787.33672165884,3.4931862327209684,43.15218648614405,40.95238095238094,2.5516231640433427e-06
Latvia,250.0038639876352,2017,1.77,5.0,1942248.0,27935083671.9621,8.715,87.9997253417969,14382.861340035928,4.3193593541642095,30.30430302623033,19.594594594594604,2.5743365419863995e-06
Latvia,329.7011070110701,2018,2.13,6.0,1927174.0,29139005014.4504,7.412,90.3000030517578,15120.06960162933,5.1256022300744775,31.878404498330724,20.338983050847446,3.113367033801826e-06
Latvia,302.01913221728734,2019,2.11,7.0,1913822.0,29335802644.3992,6.312,90.9300003051758,15328.386153152802,1.377748628227371,-8.396081846596083,-0.9389671361502372,3.6576024311560844e-06
Latvia,312.6813258943223,2020,2.27,6.0,1900449.0,28318076426.6769,8.098,90.1376037597656,14900.729473233378,-2.7899654643777527,3.530304056818512,7.582938388625604,3.157148652765741e-06
Latvia,333.93050685368183,2021,2.1,9.0,1884490.0,30285399223.0726,7.513,88.1561660766602,16070.872874397106,7.852926954117856,6.795794695632429,-7.488986784140961,4.775827942838646e-06
Latvia,341.9329816940739,2022,2.12,7.0,1879383.0,30834377325.2508,6.815,88.7702789306641,16406.64905729742,2.0893462696431886,2.396449164166503,0.952380952380949,3.724626646085444e-06
Latvia,422.0850139621471,2023,2.4,7.0,1877445.0,31360657012.7125,6.465,69.2309112548828,16703.9018520982,1.8117824899080315,23.44086021505376,13.207547169811317,3.728471406619102e-06
Latvia,586.0657772261868,2024,3.15,7.0,1877445.0,31360657012.7125,6.72,69.2309112548828,16703.9018520982,1.8117824899080315,38.85017421602785,31.25,3.728471406619102e-06
Lithuania,121.4625,2013,0.78,,,,,,,,,,
Lithuania,143.10893512851897,2014,0.89,,2932367.0,40396596564.7359,10.698,83.3300018310547,13776.105298121245,,17.821496452418618,14.102564102564097,
Lithuania,153.84707287933097,2015,1.14,16.0,2904910.0,41540954817.2039,9.12,84.3099975585938,14300.255366673633,3.804776874229243,7.503471213148649,28.08988764044942,5.507915907893876e-06
Lithuania,206.69143527571373,2016,1.49,17.0,2868231.0,42650895979.8047,7.862,86.2200012207031,14870.104946151374,3.9848909328273896,34.348630368697954,30.701754385964918,5.9269982090006e-06
Lithuania,264.65610510046366,2017,1.74,18.0,2828403.0,44618059006.3441,7.073,87.3099975585938,15775.000594449977,6.0853346467659275,28.044059855421,16.778523489932894,6.36401531182084e-06
Lithuania,330.5756457564576,2018,1.99,20.0,2801543.0,46812540143.4277,6.147,88.5540771484375,16709.556177944687,5.924282397957614,24.90762139455307,14.367816091954033,7.138923086313507e-06
Lithuania,310.9258626580116,2019,1.96,21.0,2794137.0,49002127219.1508,6.255,89.6794509887695,17537.481955663163,4.954804118683143,-5.944110932153313,-1.5075376884422176,7.515737417313468e-06
Lithuania,330.57105349524124,2020,2.07,22.0,2794885.0,49023106998.3996,8.487,89.870002746582,17540.294859502126,0.01603938265524185,6.318287796739974,5.612244897959173,7.87152244188938e-06
Lithuania,364.1504622250558,2021,1.98,23.0,2800839.0,52150789442.1719,7.112,91.1113204956055,18619.702682721818,6.1538750167300815,10.158000337527406,-4.347826086956519,8.211825099550527e-06
Lithuania,433.11511014582686,2022,2.22,23.0,2831639.0,53474128766.591,5.955,91.9948425292969,18884.514857505143,1.4222148403532753,18.938503468972367,12.121212121212132,8.12250431640474e-06
Lithuania,560.3288861309339,2023,2.6,25.0,2871585.0,53657150684.4898,6.841,91.9948425292969,18685.551945873027,-1.0535770345884377,29.37181663837012,17.117117117117118,8.705993379962634e-06
Lithuania,698.5727582997208,2024,3.02,16.0,2871585.0,53657150684.4898,7.504,91.9948425292969,18685.551945873027,-1.0535770345884377,24.671916010498695,16.15384615384614,5.5718357631760854e-06
Luxembourg,451.2875,2013,0.41,,,,,,,,,,
Luxembourg,434.1615667074664,2014,0.39,,556319.0,58738350255.7597,6.044,79.5699996948242,105583.93701412265,,-3.7949053081535844,-4.8780487804877986,
Luxembourg,353.94265232974914,2015,0.37,1.0,569604.0,60071584216.1375,6.796,69.0699996948242,105462.01258442269,-0.1154763055327801,-18.47674242242818,-5.128205128205132,1.7556056488367357e-06
Luxembourg,326.25733281188894,2016,0.35,1.0,582014.0,63062062076.8293,6.669,75.3423461914062,108351.45215893311,2.739791801524194,-7.821978881501767,-5.405405405405405,1.718171727827853e-06
Luxembourg,431.3253477588872,2017,0.45,1.0,596336.0,63892707778.4988,5.523,72.4430084228516,107142.12755644268,-1.1161129623962651,32.20403171982578,28.57142857142858,1.676906978616082e-06
Luxembourg,581.5682656826568,2018,0.57,1.0,607950.0,64671765568.8058,5.589,74.2424240112305,106376.78356576331,-0.7143259221506271,34.832851513228505,26.66666666666666,1.6448721111933546e-06
Luxembourg,446.9559275708917,2019,0.48,1.0,620001.0,66557495896.7378,5.592,75.2209701538086,107350.62668727599,0.9154658459010756,-23.14643801166737,-15.78947368421052,1.6129006243538317e-06
Luxembourg,482.2448309812932,2020,0.53,0.0,630419.0,65951935965.6765,6.766,74.4377670288086,104616.03467801018,-2.547346106541104,7.895387718021563,10.416666666666675,0.0
Luxembourg,486.5412814791202,2021,0.48,0.0,640064.0,70679635853.8902,5.571,76.9224014282227,110425.88843286014,5.5535021688899455,0.8909272265468005,-9.433962264150953,0.0
Luxembourg,500.766366739063,2022,0.54,0.0,653103.0,71655146215.6371,4.588,77.4083404541016,109714.92431612946,-0.6438382582386493,2.923715993162501,12.500000000000021,0.0
Luxembourg,652.9816940738442,2023,0.68,1.0,666430.0,70870003856.6378,5.184,77.4083404541016,106342.75746385637,-3.0735716888949605,30.3964757709251,25.92592592592593,1.5005326891046323e-06
Luxembourg,757.3999379460131,2024,0.76,1.0,666430.0,70870003856.6378,5.935,77.4083404541016,106342.75746385637,-3.0735716888949605,15.990990990991016,11.764705882352944,1.5005326891046323e-06
Montenegro,99.7375,2013,1.5,,,,,,,,,,
Montenegro,117.96817625458996,2014,1.72,,621810.0,3921767211.59682,18.054,77.8181457519531,6307.018561291745,,18.278657731134196,14.666666666666671,
Montenegro,98.16009557945044,2015,1.67,2.0,622159.0,4054730077.57718,17.555,78.6587600708008,6517.1926751476385,3.332384577806735,-16.791037467927982,-2.9069767441860517,3.2146123418611643e-06
Montenegro,98.2479468126711,2016,1.56,2.0,622303.0,4174315433.82382,17.732,79.1999359130859,6707.8504102082425,2.9254580087473725,0.08949790920849132,-6.586826347305386,3.2138684852877136e-06
Montenegro,107.14451313755796,2017,1.57,2.0,622373.0,4371195571.75916,16.082,79.9968566894531,7023.433811812466,4.704687527377738,9.05521857047038,0.6410256410256387,3.2135070126756784e-06
Montenegro,112.81549815498155,2018,1.44,2.0,622227.0,4593160022.61922,15.19,62.7289695739746,7381.807640329365,5.10254439807154,5.292837543760043,-8.280254777070073,3.2142610333527798e-06
Montenegro,97.16433208062864,2019,1.42,2.0,622028.0,4779777587.71771,15.128,81.8237915039062,7684.1839719718555,4.0962369432455015,-13.873241115198509,-1.388888888888895,3.2152893438880564e-06
Montenegro,94.11552346570396,2020,1.65,2.0,621306.0,4048142110.54292,17.878,81.9217376708984,6515.536805604517,-15.208474584028586,-3.1377858002407,16.19718309859155,3.2190257296726573e-06
Montenegro,113.3248326426522,2021,1.55,2.0,619211.0,4576160079.60802,16.543,59.2587928771973,7390.30811727831,13.425928481001526,20.410351522879424,-6.060606060606055,3.2299167811941327e-06
Montenegro,85.2994104871238,2022,1.12,2.0,617213.0,4869340027.24234,14.851,59.2587928771973,7889.2376331061405,6.7511328067817455,-24.730168579997923,-27.74193548387096,3.24037244840922e-06
Montenegro,163.24542351846105,2023,1.8,3.0,616177.0,5177944070.4817,14.621,59.2587928771973,8403.338765454893,6.51648684267534,91.37931034482759,60.7142857142857,4.868730900374405e-06
Montenegro,123.53707725721378,2024,1.24,3.0,616177.0,5177944070.4817,14.1,59.2587928771973,8403.338765454893,6.51648684267534,-24.32432432432432,-31.11111111111111,4.868730900374405e-06
Netherlands,608.3000000000001,2013,1.2,,,,,,,,,,
Netherlands,611.1138310893513,2014,1.21,,16865008.0,759634819632.632,7.419,69.4199981689453,45042.0669609307,,0.46257292279323625,0.8333333333333304,
Netherlands,494.5758661887695,2015,1.17,36.0,16939923.0,775743675302.734,6.872,69.5699996948242,45793.81354346971,1.6689877558040855,-19.069763924806782,-3.3057851239669422,2.125157239498668e-06
Netherlands,496.8009385999218,2016,1.16,35.0,17030314.0,794549918798.828,6.007,69.9899978637695,46655.036354516305,1.8806531808692517,0.4498950642898958,-0.8547008547008517,2.055158818563181e-06
Netherlands,542.1329211746522,2017,1.21,35.0,17131296.0,816650691068.16,4.837,70.5940017700195,47670.10569825891,2.1756908215212256,9.124777964889619,4.31034482758621,2.0430444958746847e-06
Netherlands,573.6974169741698,2018,1.23,35.0,17231624.0,835096710123.568,3.832,71.0999984741211,48463.02995722098,1.6633574592452183,5.822279844420075,1.6528925619834656,2.031149240489463e-06
Netherlands,566.7919371370003,2019,1.32,35.0,17344874.0,854304699361.253,3.379,71.4319534301758,49254.01587588662,1.6321429332087911,-1.203679785345857,7.317073170731714,2.0178872443812505e-06
Netherlands,567.0265835247785,2020,1.39,34.0,17441500.0,821260591753.75,3.82,72.9599990844727,47086.580383209584,-4.400525427487323,0.04139903417883506,5.303030303030298,1.9493736203881545e-06
Netherlands,605.1546063117628,2021,1.35,34.0,17533044.0,872809728969.262,4.209,73.850830078125,49780.84404335391,5.721935290728952,6.724203748961988,-2.877697841726601,1.9391954985112682e-06
Netherlands,641.9515978901644,2022,1.45,34.0,17700982.0,916513359627.026,3.526,74.0509719848633,51777.54316834094,4.010978848104951,6.080593487120312,7.407407407407396,1.920797388529066e-06
Netherlands,692.6900403350916,2023,1.44,34.0,17877117.0,917196718601.978,3.537,74.0509719848633,51305.62822864436,-0.9114278330323078,7.903780068728539,-0.6896551724137945,1.901872656536286e-06
Netherlands,976.5311821284516,2024,1.94,34.0,17877117.0,917196718601.978,3.599,74.0509719848633,51305.62822864436,-0.9114278330323078,40.97664543524413,34.72222222222223,1.901872656536286e-06
North Macedonia,65.175,2013,1.27,,,,,,,,,,
North Macedonia,59.95104039167687,2014,1.15,,1917557.0,9690853712.45803,28.215,61.4637603759766,5053.750012363664,,-8.015281332294787,-9.4488188976378,
North Macedonia,46.24850657108722,2015,1.01,8.0,1912430.0,10064519962.5655,26.395,62.2778282165527,5262.686719286719,4.134290505306071,-22.856206883262033,-12.173913043478258,4.1831596450589044e-06
North Macedonia,46.34337113805241,2016,0.99,8.0,1906313.0,10351178142.8536,24.312,63.738208770752,5429.946783583598,3.17822574701061,0.20511920059380628,-1.980198019801982,4.196582617859711e-06
North Macedonia,49.45131375579598,2017,1.04,8.0,1898657.0,10463154366.0785,22.857,65.41650390625,5510.818629209226,1.4893671862517888,6.70633693972178,5.050505050505061,4.213504598250237e-06
North Macedonia,51.59778597785978,2018,0.99,8.0,1889051.0,10764555646.4726,21.208,53.4467811584473,5698.393344844899,3.40375411089493,4.340576739100732,-4.807692307692313,4.234930660950922e-06
North Macedonia,57.48889648103861,2019,1.25,8.0,1876262.0,11185494933.6944,17.414,66.9626770019531,5961.584753991927,4.61869501137766,11.417370709872433,26.262626262626256,4.263796847135422e-06
North Macedonia,68.4476534296029,2020,1.59,8.0,1856124.0,10661068595.4055,16.575,68.3000030517578,5743.726494245805,-3.6543682382480958,19.062388773071646,27.200000000000003,4.310056871200415e-06
North Macedonia,73.28339177558176,2021,1.5,8.0,1837114.0,11141955229.994,15.801,69.5329437255859,6064.923151200197,5.592130079246882,7.064870895760267,-5.660377358490576,4.354656270650597e-06
North Macedonia,78.68135277691592,2022,1.66,8.0,1831712.0,11449348867.2054,14.476,70.5153350830078,6250.627209520601,3.061935884276701,7.365872226362713,10.666666666666668,4.3674988207753185e-06
North Macedonia,94.12348743406764,2023,1.85,8.0,1827816.0,11686665220.5256,13.174,71.9502563476562,6393.786475512634,2.2903184143501676,19.62616822429908,11.44578313253013,4.376808168874767e-06
North Macedonia,122.80173751163512,2024,2.25,8.0,1827816.0,11686665220.5256,13.417,71.9502563476562,6393.786475512634,2.2903184143501676,30.46875,21.62162162162162,4.376808168874767e-06
Norway,1405.2125,2013,1.39,,,,,,,,,,
Norway,1272.5091799265606,2014,1.35,,5137232.0,381081533533.12,3.486,77.0100021362305,74180.32386567708,,-9.443647852082126,-2.877697841726601,
Norway,1054.277180406213,2015,1.5,26.0,5188607.0,388159512245.53,4.296,77.4899978637695,74809.96580498967,0.8487991242161597,-17.149738718029706,11.111111111111093,5.010978861956591e-06
Norway,1056.628861947595,2016,1.62,25.0,5234519.0,392680500155.007,4.68,77.8399963378906,75017.4944737056,0.2774077844881262,0.2230610303521896,8.000000000000007,4.775988013416324e-06
Norway,1066.8663060278209,2017,1.56,24.0,5276968.0,402355151389.893,4.164,78.2200012207031,76247.41165568808,1.6395071451147603,0.9688779522221358,-3.703703703703709,4.54806623803669e-06
Norway,1100.169741697417,2018,1.56,23.0,5311916.0,405690275911.956,3.801,82.1473999023438,76373.62411452967,0.1655301551894306,3.121612847029742,0.0,4.329887746718886e-06
Norway,999.1732148957976,2019,1.65,23.0,5347896.0,410249333471.117,3.684,78.75,76712.28712583733,0.44342927972071955,-9.180085851642772,5.769230769230771,4.300756783602373e-06
Norway,920.9320643255662,2020,1.79,23.0,5379475.0,405005642244.497,4.424,82.4527740478516,75287.20595308967,-1.8576961085907784,-7.830589271590016,8.484848484848495,4.275510156660269e-06
Norway,1028.989480395282,2021,1.53,25.0,5408320.0,420836044228.583,4.359,75.2643356323242,77812.71156821027,3.354495074095598,11.733483962125968,-14.525139664804465,4.6225075439323115e-06
Norway,982.413900093081,2022,1.25,25.0,5457127.0,433484840343.081,3.231,79.070556640625,79434.62564515743,2.0843819014395804,-4.52634173522447,-18.300653594771244,4.5811651442233245e-06
Norway,964.0304064536148,2023,1.48,25.0,5519594.0,435564038441.666,3.572,79.070556640625,78912.3327624579,-0.6575128647709261,-1.8712574850299313,18.399999999999995,4.529318641914604e-06
Norway,1305.9633881476884,2024,1.94,25.0,5519594.0,435564038441.666,3.97,79.070556640625,78912.3327624579,-0.6575128647709261,35.4691075514874,31.081081081081074,4.529318641914604e-06
Poland,229.1,2013,1.7,,,,,,,,,,
Poland,254.3084455324357,2014,1.87,,38011735.0,459682079851.439,8.971,83.4899978637695,12093.16227873942,,11.00324990503523,10.000000000000009,
Poland,248.23178016726405,2015,2.12,99.0,37986412.0,480054118583.367,7.475,83.8682327270508,12637.522032440627,4.501384676349107,-2.389486260453988,13.36898395721926,2.6061950783875035e-06
Poland,218.74071177160732,2016,1.93,99.0,37970087.0,494605411858.337,6.141,84.8600006103516,13026.18589887184,3.0754752825238096,-11.88045639272497,-8.9622641509434,2.6073155955634234e-06
Poland,237.1831530139104,2017,1.9,105.0,37974826.0,520089746650.75,4.867,85.4903793334961,13695.645284872404,5.1393354217257325,8.431188274434852,-1.5544041450777257,2.7649896276022438e-06
Poland,271.1070110701108,2018,2.03,118.0,37974750.0,552573816155.989,3.835,86.0824737548828,14551.085027708912,6.2460711054001194,14.30281098177777,6.842105263157894,3.107327895509516e-06
Poland,249.38845234028017,2019,1.98,124.0,37965475.0,577884228677.544,3.267,86.5674667358398,15221.30906244539,4.606007273410917,-8.011064945942692,-2.463054187192115,3.2661253415109386e-06
Poland,259.7899573350837,2020,2.13,114.0,37899070.0,566120997479.772,3.155,87.7799987792969,14937.596027548221,-1.8639200724013816,4.170804581044174,7.575757575757569,3.007989378103473e-06
Poland,265.9356072680905,2021,1.97,114.0,36981559.0,605337233054.782,3.268,87.8078155517578,16368.6239689025,9.580041786611094,2.3656225960574595,-7.511737089201875,3.0826174742930658e-06
Poland,250.01551349674216,2022,1.88,114.0,36821749.0,637150470884.733,2.811,88.1990509033203,17303.644943229967,5.712275974473124,-5.986446845118887,-4.5685279187817285,3.0959963362957038e-06
Poland,436.0564691281415,2023,2.86,100.0,36687353.0,638035044435.602,2.743,66.9982604980469,17391.14414811017,0.5056692111244265,74.41176470588235,52.127659574468076,2.725734941956701e-06
Poland,531.6506360533665,2024,3.25,164.0,36687353.0,638035044435.602,2.472,66.9982604980469,17391.14414811017,0.5056692111244265,21.92242833052278,13.636363636363647,4.47020530480899e-06
Portugal,253.7875,2013,1.23,,,,,,,,,,
Portugal,231.1015911872705,2014,1.12,,10401062.0,195923730996.63,13.897,34.2099990844727,18836.896751180793,,-8.93893860522268,-8.943089430894302,
Portugal,218.02867383512543,2015,1.26,33.0,10358076.0,199038523119.639,12.447,35.4300003051758,19215.78130143465,2.011395800797744,-5.656783791484832,12.5,3.185919856158615e-06
Portugal,208.54517012123583,2016,1.19,30.0,10325452.0,203027535953.584,11.068,36.7700004577637,19662.82308547694,2.326430432515969,-4.349658944887724,-5.555555555555558,2.905441815041124e-06
Portugal,213.3732612055641,2017,1.14,31.0,10300300.0,209757331881.699,8.869,37.6199989318848,20364.196371144433,3.567001964156069,2.3151296582517356,-4.201680672268915,3.009621078997699e-06
Portugal,216.88560885608857,2018,1.07,27.0,10283822.0,215937375267.637,6.994,37.0800018310547,20997.774491588534,3.111235567055637,1.6461048730659344,-6.140350877192969,2.62548301594485e-06
Portugal,209.7130167406901,2019,1.11,27.0,10286263.0,221866334776.915,6.464,40.6800003051758,21569.18744707529,2.721302468105158,-3.3070853124965716,3.738317757009346,2.6248599710118244e-06
Portugal,215.45454545454547,2020,1.25,27.0,10297081.0,203663018337.793,6.801,43.4500007629395,19778.713825577655,-8.301071266087101,2.7378027378027525,12.612612612612594,2.622102322007567e-06
Portugal,216.07268090532355,2021,1.15,27.0,10361831.0,214984151691.324,6.577,47.285888671875,20747.699097903063,4.899131869092144,0.2868983104877154,-8.000000000000007,2.6057170783812243e-06
Portugal,185.30561588582063,2022,1.01,27.0,10434332.0,230002604720.83,6.011,48.120044708252,22042.868170270027,6.2424708699282405,-14.239220289484035,-12.173913043478258,2.587611741700379e-06
Portugal,200.7477505429724,2023,0.97,26.0,10578174.0,235813117071.956,6.509,47.4094543457031,22292.421836883757,1.132128834986701,8.333333333333371,-3.960396039603964,2.457891125632836e-06
Portugal,223.54328265591064,2024,1.02,22.0,10578174.0,235813117071.956,6.384,47.4094543457031,22292.421836883757,1.132128834986701,11.35531135531136,5.154639175257736,2.0797540293816307e-06
Romania,110.6,2013,1.27,,,,,,,,,,
Romania,123.76988984088128,2014,1.4,,19908979.0,172441103432.375,6.802,62.9799995422363,8661.473972742398,,11.907676167162107,10.236220472440927,
Romania,108.54241338112308,2015,1.4,71.0,19815616.0,177885131240.315,6.812,64.6600036621094,8977.01748158195,3.6430694109635953,-12.303054062126629,0.0,3.583032695021946e-06
Romania,118.63903011341417,2016,1.46,71.0,19702267.0,182972525962.275,5.901,66.4199981689453,9286.876782365958,3.4516954146490475,9.302001326282472,4.285714285714293,3.6036462200009775e-06
Romania,154.76429675425038,2017,1.73,69.0,19588715.0,197967999561.02,4.927,67.4499969482422,10106.226955725273,8.822666570909043,30.449731935857784,18.493150684931514,3.5224362598567593e-06
Romania,177.53136531365314,2018,1.8,69.0,19473970.0,210085482250.697,4.187,68.322151184082,10788.015091462963,6.7462183337516635,14.710801545885289,4.046242774566489,3.5431912445176818e-06
Romania,187.0413392552101,2019,1.98,70.0,19371648.0,218327690029.17,3.912,69.1800003051758,11270.475802015915,4.472191654002633,5.356785222011462,9.999999999999986,3.6135283895309268e-06
Romania,189.00886117492612,2020,2.08,69.0,19265250.0,210305491425.986,5.035,71.0299987792969,10916.312605649342,-3.142397912812389,1.0519182163422292,5.050505050505061,3.5815782302331917e-06
Romania,197.9407076824992,2021,1.95,71.0,19122059.0,221968423307.804,5.59,72.1699981689453,11607.977117307502,6.3360636200562315,4.725623154412184,-6.25,3.7129892758933542e-06
Romania,224.2786224014893,2022,1.88,72.0,19048502.0,230770154206.928,5.614,73.0299987792969,12114.871510994828,4.3667763001664195,13.305961682847279,-3.589743589743588,3.7798247862220346e-06
Romania,339.7269624573379,2023,2.41,70.0,19059479.0,236318495899.176,5.589,73.0299987792969,12399.000827838789,2.345293687895067,51.47540983606558,28.19148936170215,3.672713194311345e-06
Romania,372.8172510083773,2024,2.42,70.0,19059479.0,236318495899.176,5.379,73.0299987792969,12399.000827838789,2.345293687895067,9.740259740259738,0.4149377593360981,3.672713194311345e-06
Russia,458.2000000000001,2013,3.18,,,,,,,,,,
Russia,438.0293757649939,2014,3.17,,144237223.0,1390921151162.46,5.212,93.7110977172852,9643.288481520889,,-4.402144093192096,-0.3144654088050425,
Russia,346.3918757467145,2015,3.82,798.0,144640716.0,1363482182197.71,5.615,94.0891723632812,9426.683024700389,-2.246178336732052,-20.920400568623876,20.504731861198742,5.517118706740915e-06
Russia,289.18263590144704,2016,3.46,831.0,145015460.0,1366123111808.03,5.591,94.5656661987305,9420.534278262676,-0.06522704138456348,-16.51575682078048,-9.424083769633507,5.7304235010529224e-06
Russia,293.96058732612056,2017,2.89,900.0,145293260.0,1391065651845.68,5.238,91.3463897705078,9574.192580204202,1.6310996531914812,1.6522262513375185,-16.473988439306353,6.194368548134993e-06
Russia,277.22878228782287,2018,2.7,900.0,145398106.0,1430116278515.49,4.871,91.5161361694336,9835.865939790783,2.7331115119578975,-5.691853180214046,-6.57439446366782,6.189901813439028e-06
Russia,264.772804919713,2019,2.74,900.0,145453291.0,1461551317106.21,4.513,91.4410934448242,10048.251964998233,2.1593017483925614,-4.493031807634573,1.4814814814814836,6.187553363780542e-06
Russia,234.12208729898265,2020,2.87,900.0,145245148.0,1422766794794.99,5.62,91.8141174316406,9795.62356737032,-2.5141526954928217,-11.576233303123617,4.744525547445244,6.19642041330014e-06
Russia,257.6251195409627,2021,2.64,900.0,144746762.0,1502645054025.01,4.749,92.1800003051758,10381.199781346473,5.977937085360607,10.038793226700493,-8.013937282229966,6.217755669035277e-06
Russia,386.7887061743717,2022,3.29,1190.0,144236933.0,1471544636157.84,3.867,91.9972534179688,10202.273478442863,-1.723560924288492,50.13625490540407,24.62121212121211,8.25031408564407e-06
Russia,388.99472541110765,2023,3.72,1100.0,143826130.0,1524520243059.52,3.076,92.6996612548828,10599.744587854238,3.8959072235342562,0.5703422053231932,13.06990881458967,7.648123466855431e-06
Russia,627.98014272417,2024,5.51,1134.0,143826130.0,1524520243059.52,2.527,92.6996612548828,10599.744587854238,3.8959072235342562,61.436672967863906,48.11827956989245,7.884520010376418e-06
Slovakia,180.7125,2013,1.02,,,,,,,,,,
Slovakia,185.65483476132192,2014,1.04,,5418649.0,84789118228.7254,11.536,85.3199996948242,15647.649114885537,,2.734915825591422,1.9607843137254832,
Slovakia,152.90322580645162,2015,1.01,16.0,5423801.0,89178548717.3324,11.492,86.6900024414062,16442.076086001754,5.076973322212885,-17.641129032258075,-2.8846153846153855,2.9499607378663045e-06
Slovakia,165.90926867422763,2016,1.09,16.0,5430798.0,90915585456.2015,9.679,87.3199996948242,16740.74149990508,1.8164702093648621,8.506061791161535,7.920792079207928,2.9461600302570634e-06
Slovakia,187.7318392581144,2017,1.17,16.0,5439232.0,93529165116.4867,8.142,87.0699996948242,17195.2888048325,2.715216078869598,13.153316121678916,7.339449541284382,2.941591754129995e-06
Slovakia,209.0147601476015,2018,1.23,16.0,5446771.0,97328432384.4156,6.544,87.7799987792969,17869.014941956546,3.9180856150244248,11.33687336873368,5.128205128205132,2.9375202298756456e-06
Slovakia,278.5377519644687,2019,1.78,16.0,5454147.0,99543529380.5199,5.761,87.6999969482422,18250.980287205293,2.1375847884703036,33.26224031631626,44.715447154471555,2.933547628987631e-06
Slovakia,263.6790285526748,2020,1.76,16.0,5458827.0,96969818956.4464,6.719,89.1387252807617,17763.85640293169,-2.6690286034394384,-5.334545607192709,-1.1235955056179803,2.9310326192788304e-06
Slovakia,276.5125916480714,2021,1.68,18.0,5447247.0,102523269375.456,6.894,89.8135070800781,18821.1163135169,5.9517476757508625,4.867115585884685,-4.545454545454552,3.30442148116287e-06
Slovakia,271.34036611852315,2022,1.73,18.0,5431752.0,102984289733.717,6.143,90.1811904907227,18959.68183630567,0.736223720636886,-1.8705207957152137,2.976190476190488,3.313847907636431e-06
Slovakia,350.7570586410177,2023,2.0,18.0,5426740.0,104403760583.519,5.84,90.1811904907227,19238.762237276707,1.4719677438712608,29.268292682926813,15.606936416184979,3.316908493865562e-06
Slovakia,376.49394973627057,2024,2.0,13.0,5426740.0,104403760583.519,5.234,90.1811904907227,19238.762237276707,1.4719677438712608,7.3375262054507395,0.0,2.39554502334735e-06
Slovenia,231.075,2013,0.98,,,,,,,,,,
Slovenia,259.1432068543452,2014,1.08,,2061980.0,41711190708.5511,9.668,80.0899963378906,20228.707702572818,,12.146795133331256,10.204081632653072,
Slovenia,211.4217443249701,2015,1.03,8.0,2063531.0,42709468274.8137,8.962,81.4499969482422,20697.27485306191,2.316347427520027,-18.415092993812323,-4.629629629629628,3.876849923747208e-06
Slovenia,208.54517012123583,2016,1.0,7.0,2065042.0,44005450339.8887,8.0,81.870002746582,21309.712025173678,2.9590232359559376,-1.360585786915447,-2.9126213592232997,3.3897615641715763e-06
Slovenia,220.6993817619784,2017,0.98,7.0,2066388.0,46282470359.9316,6.564,82.5599975585938,22397.763808119096,5.105896230132423,5.828095483427798,-2.0000000000000018,3.3875535475428623e-06
Slovenia,247.49446494464945,2018,1.1,7.0,2073894.0,48309217557.2363,5.108,82.4642105102539,23293.966594838646,4.001304748086865,12.14098697003565,12.244897959183687,3.375293047764254e-06
Slovenia,242.101127434233,2019,1.16,7.0,2088385.0,50002577211.6531,4.446,82.9400024414062,23943.17963960338,2.7870437699888395,-2.179175001599587,5.454545454545445,3.351872379853332e-06
Slovenia,224.01050213324584,2020,1.13,7.0,2102419.0,47959972856.1156,4.971,84.5077056884766,22811.80528530022,-4.725246902595181,-7.472342443304614,-2.5862068965517238,3.329498068653299e-06
Slovenia,299.9330570608862,2021,1.35,7.0,2108079.0,51983646872.7637,4.744,86.0022888183594,24659.24990133847,8.098633987678006,33.89240870612402,19.469026548672574,3.320558669765222e-06
Slovenia,308.10735339745577,2022,1.47,6.0,2112076.0,53386808992.5859,4.011,86.0007934570312,25276.935580247064,2.5048842985084807,2.7253735939183787,8.888888888888879,2.8408068649044824e-06
Slovenia,355.90443686006824,2023,1.47,6.0,2120461.0,54514654364.7027,3.652,86.0007934570312,25708.869139636474,1.7088050804977772,15.513126491646778,0.0,2.8295733805054656e-06
Slovenia,406.64287930499535,2024,1.58,6.0,2120461.0,54514654364.7027,3.357,86.0007934570312,25708.869139636474,1.7088050804977772,14.256198347107452,7.48299319727892,2.8295733805054656e-06
Spain,305.1375,2013,1.05,,,,,,,,,,
Spain,256.24235006119955,2014,0.91,,46480882.0,1159095456184.34,24.441,47.2400016784668,24937.03661183409,,-16.023972779091544,-13.33333333333333,
Spain,255.7825567502987,2015,1.09,122.0,46444832.0,1206164777553.12,22.057,47.8600006103516,25969.83831383264,4.1416376696035595,-0.17943689276617159,19.780219780219777,2.626772339277705e-06
Spain,190.00782166601488,2016,0.81,123.0,46484062.0,1241326362774.56,19.635,48.6500015258789,26704.34358285126,2.8283012783618,-25.715097980076397,-25.688073394495415,2.6460682373240103e-06
Spain,250.0038639876352,2017,1.01,121.0,46593236.0,1277275696600.78,17.224,49.8653259277344,27413.328763015732,2.6549432977628573,31.57556451916912,24.691358024691358,2.5969434705071783e-06
Spain,266.7343173431734,2018,1.06,120.0,46797754.0,1307871701738.56,15.255,50.4199981689453,27947.317765261985,1.9479174049328751,6.692077909790095,4.950495049504955,2.5642256250161064e-06
Spain,205.6645029039973,2019,0.91,120.0,47134837.0,1333521400772.79,14.104,52.1955718994141,28291.63068438722,1.2320070284283613,-22.895372086901478,-14.150943396226412,2.5458876626644533e-06
Spain,213.89891696750905,2020,1.07,123.0,47365655.0,1187633217272.88,15.532,53.2599983215332,25073.720975100627,-11.374069403013953,4.0038090906506785,17.582417582417587,2.596818306428994e-06
Spain,241.7596429709914,2021,1.05,123.0,47415794.0,1267004457572.21,14.781,54.9879417419434,26721.148180545282,6.5703339647140035,13.025183296142796,-1.869158878504673,2.5940723464422005e-06
Spain,233.1026993484332,2022,1.03,124.0,47759127.0,1345296618919.51,12.917,55.3492813110352,28168.367041539725,5.416005521978695,-3.580805926155728,-1.904761904761909,2.596362366506406e-06
Spain,300.75395594166923,2023,1.19,124.0,48347910.0,1381292229418.88,12.179,55.249439239502,28569.84364823381,1.4252746923598014,29.0220820189274,15.533980582524265,2.5647437500400743e-06
Spain,302.2246354328266,2024,1.12,122.0,48347910.0,1381292229418.88,11.394,55.249439239502,28569.84364823381,1.4252746923598014,0.4889975550122383,-5.88235294117646,2.5233769153620084e-06
Sweden,664.5875,2013,1.12,,,,,,,,,,
Sweden,626.5850673194615,2014,1.1,,9696110.0,480507219292.52,7.954,74.4700012207031,49556.7005007699,,-5.718198533757935,-1.7857142857142905,
Sweden,551.2066905615293,2015,1.15,30.0,9799186.0,501698263620.663,7.432,75.0299987792969,51197.95293411749,3.311867853918349,-12.030030827322747,4.545454545454519,3.0614787799721325e-06
Sweden,538.509972624169,2016,1.12,30.0,9923085.0,513486872435.55,6.99,75.5599975585938,51746.69696324782,1.0718085346819617,-2.3034404615854376,-2.608695652173898,3.0232533531658753e-06
Sweden,545.7959814528593,2017,1.1,30.0,10057698.0,522858808973.771,6.718,76.1500015258789,51985.9324642449,0.4623203316087787,1.3529942246353288,-1.7857142857142905,2.9827898988416632e-06
Sweden,539.590405904059,2018,1.11,30.0,10175214.0,532808626955.913,6.365,83.173713684082,52363.38291812959,0.7260626788685443,-1.136977141583495,0.9090909090909038,2.948340939070176e-06
Sweden,510.11274342330034,2019,1.19,15.0,10278887.0,546393370671.191,6.833,77.2600021362305,53156.86130912724,1.5153306505010677,-5.46297008957567,7.2072072072072,1.4593019652808714e-06
Sweden,536.6918280275681,2020,1.29,15.0,10353442.0,535436339492.279,8.291,84.2090759277344,51715.78104096,-2.71099578243873,5.2104333692781335,8.40336134453783,1.448793550975608e-06
Sweden,610.4430985017533,2021,1.3,15.0,10415811.0,567227918052.988,8.722,83.1135482788086,54458.35356008169,5.303163684117074,13.741828480085738,0.7751937984496138,1.440118297077395e-06
Sweden,563.2702451132485,2022,1.38,15.0,10486941.0,575505409872.88,7.392,83.9836730957031,54878.291951187675,0.7711184118753822,-7.727641364819082,6.153846153846132,1.4303503757673472e-06
Sweden,641.9515978901644,2023,1.57,15.0,10536632.0,573717486152.92,7.611,83.9836730957031,54449.798204295264,-0.7808073678268634,13.968668407310702,13.768115942029002,1.4236048103416727e-06
Sweden,850.7880856345021,2024,2.01,15.0,10536632.0,573717486152.92,8.528,83.9836730957031,54449.798204295264,-0.7808073678268634,32.531500572737706,28.025477707006342,1.4236048103416727e-06
Trkiye,136.275,2013,1.3,,,,,,,,,,
Trkiye,122.8029375764994,2014,1.25,,77181884.0,814741000960.492,9.901,35.2400016784668,10556.11704115038,,-9.885938303797914,-3.8461538461538547,
Trkiye,100.04778972520909,2015,0.98,511.0,78218479.0,864313810469.009,10.304,37.0699996948242,11049.99511009424,4.678595993380896,-18.529807429985233,-21.599999999999998,6.532983081913418e-06
Trkiye,100.1016816581932,2016,1.0,355.0,79277962.0,893035686216.222,10.899,37.6599998474121,11264.614574933474,1.942258459853785,0.053866190479712195,2.0408163265306145,4.477915312706954e-06
Trkiye,89.74497681607419,2017,0.92,355.0,80312698.0,960031200973.599,10.919,39.0299987792969,11953.666417402625,6.116958888255786,-10.346184669986847,-7.9999999999999964,4.420222565552461e-06
Trkiye,138.1771217712177,2018,1.65,355.0,81407204.0,988958576886.064,10.956,33.6019554138184,12148.293127547582,1.6281758529049561,53.96641313351908,79.3478260869565,4.360793425603955e-06
Trkiye,119.83600956610864,2019,1.59,355.0,82579440.0,997053346501.186,13.73,42.1699981689453,12073.869070814551,-0.6126297410807946,-13.273624439418253,-3.6363636363636265,4.298890861938516e-06
Trkiye,103.44929438792256,2020,1.51,355.0,83384680.0,1015597272884.83,13.148,36.4532737731934,12179.66265367727,0.8762193977939203,-13.67428307861519,-5.031446540880502,4.257376774726485e-06
Trkiye,87.63787057698438,2021,1.17,355.0,84147318.0,1131775463573.96,11.969,37.7613334655762,13449.92912993329,10.429406071214164,-15.284225865908008,-22.51655629139073,4.218791619716269e-06
Trkiye,55.15048091839901,2022,0.69,355.0,84979913.0,1194401442556.95,10.465,39.2632904052734,14055.10314604523,4.499458772352227,-37.07003541356843,-41.02564102564102,4.177457795232151e-06
Trkiye,77.21067328575862,2023,0.78,355.0,85325965.0,1255449309088.75,9.388,41.0625801086426,14713.567072915612,4.684874383548432,39.99999999999999,13.043478260869579,4.160515500762282e-06
Trkiye,125.00775674837108,2024,1.06,355.0,85325965.0,1255449309088.75,8.449,41.0625801086426,14713.567072915612,4.684874383548432,61.904761904761884,35.897435897435905,4.160515500762282e-06
United Kingdom,903.5625,2013,2.25,,,,,,,,,,
United Kingdom,934.0758873929008,2014,2.05,,64602298.0,2864242231205.47,6.363,74.7099990844727,44336.537861322984,,3.377009049501356,-8.888888888888902,
United Kingdom,857.9569892473119,2015,2.03,155.0,65116219.0,2927911140916.73,5.517,77.3530197143555,44964.39114372918,1.416108051490217,-8.149112847570061,-0.9756097560975618,2.380359338738633e-06
United Kingdom,761.8850215095816,2016,1.98,152.0,65611593.0,2984177104376.02,4.867,77.3118133544922,45482.46686185504,1.1521911115616401,-11.197760370483657,-2.463054187192115,2.3166637639784176e-06
United Kingdom,739.9381761978361,2017,1.98,150.0,66058859.0,3063451915172.53,4.452,77.1100006103516,46374.581116705784,1.9614465010448612,-2.8805980813562337,0.0,2.270702253576617e-06
United Kingdom,791.4575645756457,2018,2.06,148.0,66460344.0,3106499243290.97,4.12,78.4058227539062,46742.148119049314,0.7926044688544298,6.9626612107705155,4.040404040404044,2.2268918740474772e-06
United Kingdom,735.2101127434233,2019,2.1,148.0,66836327.0,3156963551827.52,3.613,79.182991027832,47234.24660705128,1.0527939082915605,-7.106818400602499,1.9417475728155331,2.2143646523244763e-06
United Kingdom,727.2563176895308,2020,2.23,149.0,67081234.0,2831893576021.77,4.472,79.9100036621094,42215.883745098814,-10.624416016838323,-1.0818397239141797,6.190476190476191,2.2211875231752593e-06
United Kingdom,823.4937838699394,2021,2.3,153.0,67026292.0,3074755378779.19,4.826,80.4599990844727,45873.86959701112,8.664951500244245,13.232950177201875,3.139013452914785,2.2826863225553338e-06
United Kingdom,793.4315854793671,2022,2.34,150.0,67791000.0,3223545409624.7,3.73,78.3403701782227,47551.22965621838,3.656460799889749,-3.650567737050492,1.7391304347826209,2.212683099526486e-06
United Kingdom,809.6090598820974,2023,2.22,144.0,68350000.0,3234504373105.3,3.984,79.4127426147461,47322.66822392538,-0.4806635579046703,2.038924930491204,-5.12820512820511,2.1068032187271396e-06
United Kingdom,870.6422587651257,2024,2.26,141.0,68350000.0,3234504373105.3,4.111,79.4127426147461,47322.66822392538,-0.4806635579046703,7.53860127157131,1.8018018018017834,2.0629114850036577e-06
United States,1975.9875,2013,3.8,,,,,,,,,,
United States,1829.4736842105265,2014,3.47,,318386329.0,17771549056000.0,6.168,88.3099975585938,55817.56324719583,,-7.414713695783681,-8.684210526315784,
United States,1731.0155316606931,2015,3.25,1381.0,320738994.0,18295019000000.0,5.28,88.4100036621094,57040.20821366048,2.1904305658238643,-5.381774736613442,-6.340057636887608,4.30568164717758e-06
United States,1697.0942510754792,2016,3.17,1347.0,323071755.0,18627887993000.0,4.869,89.0899963378906,57658.6708825722,1.0842573831341795,-1.9596173439686448,-2.4615384615384595,4.169352409033714e-06
United States,1678.597372488408,2017,3.07,1348.0,325122128.0,19085691122935.2,4.355,89.8141326904297,58703.14407801612,1.8114763650572074,-1.0899146335184073,-3.154574132492116,4.146134279731339e-06
United States,1676.4907749077493,2018,3.06,1359.0,326838199.0,19651869117582.5,3.896,89.8099975585938,60127.21027624589,2.4258772176447563,-0.12549749065410287,-0.32573289902279035,4.15802070920113e-06
United States,1819.402118209771,2019,3.49,1380.0,328329953.0,20159639089698.1,3.669,94.6938018798828,61400.54815436867,2.117739825733822,8.524433622957783,14.052287581699341,4.203088957893525e-06
United States,1810.751558910404,2020,3.71,1388.0,331526933.0,19723580221938.2,8.055,90.9400024414062,59493.14598201347,-3.106490462527711,-0.4754616482407381,6.30372492836675,4.186688506541338e-06
United States,1713.4714695569014,2021,3.26,1395.0,332048977.0,20917853444668.3,5.349,91.313362121582,62996.289383744435,5.8883142652937925,-5.37235982897839,-12.129380053908356,4.201187465185294e-06
United States,1828.7899472541112,2022,3.23,1360.0,333271411.0,21443388432051.0,3.65,91.1900024414062,64342.11793837606,2.136361629862771,6.730107839322863,-0.9202453987730008,4.080758070184424e-06
United States,1991.3000310269936,2023,3.32,1326.0,334914895.0,22062578283266.8,3.638,95.2892456054688,65875.17788143404,2.3826693807721178,8.886208283071962,2.786377708978316,3.95921477305451e-06
United States,2081.746819733168,2024,3.32,1316.0,334914895.0,22062578283266.8,4.106,95.2892456054688,65875.17788143404,2.3826693807721178,4.542097488921737,0.0,3.929356441432681e-06
